胖脸脸蛋儿,313104379,每一次考试都别挂别挂谢谢谢谢！,"大姨我从高三就开始喜欢你了，
现在三高了依然喜欢你[doge]"
总督北皖大魔王,159243750,想查我成分么,大姨每次做的东西都好棒，让人一看就想吃，大姨每次翻车也要重做好几次，能看出大姨很爱料理！每次做视频文案也要想好久吧，大姨牛的！这么认真的美食up我真的好敬佩
狗卷棘的夫人,454725867,这个人很神秘，什么都不写,"2019的大姨：[doge]
2020的大姨：[妙啊]
2021的大姨：[热词系列_知识增加]"
起不到名字了耶,1137423607,,大姨的“工伤”愈发明显了[藏狐][藏狐][藏狐]
中国联通客服官方,432158620,整活高手，官方舞见！关注不亏，福利无限！,绵羊[跪了][跪了]做10个抽给粉丝可以吗 太想吃了[抓狂][抓狂]
我可不是小脸蛋子,268601146,不划了,太简单了 看一遍就知道怎么吃了[doge]
中野114514玖,165474970,咕，咕咕咕咕，咕咕咕咕咕 ――MTF-辛巳-01“合鸟之歌”,"你觉得这个稿件有什么问题？
 ○违法违禁
 ●我吃不到
 ○低俗
 ○赌博诈骗
 ○血腥暴力
 ○人身攻击
 ○与站内其他视频撞车
 ○不良封面/标题
 ○转载/自制类型错误
 ○引战
 ○不能参加充电
 ○青少年不良信息
 ○有其他问题
为帮助审核人员更快处理，请补充转载来源等详细信息
多行文本框限400字
未选择任何文件
支持JPG／PNG等格式，最多上传 5 张
提交"
绵羊料理,18202105,你减肥路上的绊脚石！合作QQ：212926668,这次的鸡腿大包，一共做了10天。第9天其实就已经完成了拍摄，无奈SD卡老化，丢失了一个机位的素材，思考再三，还是补做了一遍。由于最后的成品实在惊艳，所以我临时决定，给它手绘一个彩色的包装。无奈我购买的广告笔没有及时发货，只得退而求其次，用电脑做一张图。原创料理很繁琐，没有前人总结的菜谱，只能凭借经验不断摸索，不断试错。原创菜品也很有趣，制作过程中有那么一瞬，我真的感觉这个产品能成为爆款，所以才有了片头的那一段“想peach”。只是，在家做鸡腿大包，一个的食材成本是41.6，你们说，如果量产的话，我该如何定价呢？？？
双汇,677813126,健康美味，给铁铁们做到位 （十万粉丝抽一人送十头猪！实现养猪大户梦！）,抢到前排了！这鸡腿要给汇宝加一个吧[脱单doge]
GoldenRule,43024133,这个人懒死了，但是个好人呀,那牙签梗别的视频刷就可以了，美食区的弹幕也刷这下三路的梗是不是有点膈应人了
一只胖橘awa,385836449,,3个硬币，让绵羊为我更新了304个视频[doge]
HEXATRON-ONGAKU,13848247,TakeItOrLeaveIt,第一次，被美食视频震撼到，不是因为华丽的包装与背景或者说视频拍摄手法，而仅仅是美食本身，与作者对美食的创造力，谨慎亦自由大胆，朴素而有灵魂，最后还能带上情怀。感谢大姨让我对美食区有了新的认知。真的都是心里话，不是无脑复制。
漠殇枫雪,302326033,"T1Me WiL1 Te1l


",这项目我王多鱼投了[doge]
芙柚,1611898559,,三句话，让绵羊翻车18次[脱单doge]
相泽南真是太好了,312123024,相泽南，李在赣神魔!,大姨，你这鸡腿怎么这么贵啊？鸡皮子是金子做的还是鸡骨头是金子做的[傲娇]
发麻麻的乖宝贝,343093118,别看我信息,"绵羊是意大利和中国混血吗？
不然怎么长得这么像我的意中人[害羞]"
胖脸脸蛋儿,313104379,每一次考试都别挂别挂谢谢谢谢！,"大姨我从高三就开始喜欢你了，
现在三高了依然喜欢你[doge]"
总督北皖大魔王,159243750,想查我成分么,大姨每次做的东西都好棒，让人一看就想吃，大姨每次翻车也要重做好几次，能看出大姨很爱料理！每次做视频文案也要想好久吧，大姨牛的！这么认真的美食up我真的好敬佩
狗卷棘的夫人,454725867,这个人很神秘，什么都不写,"2019的大姨：[doge]
2020的大姨：[妙啊]
2021的大姨：[热词系列_知识增加]"
起不到名字了耶,1137423607,,大姨的“工伤”愈发明显了[藏狐][藏狐][藏狐]
中国联通客服官方,432158620,整活高手，官方舞见！关注不亏，福利无限！,绵羊[跪了][跪了]做10个抽给粉丝可以吗 太想吃了[抓狂][抓狂]
我可不是小脸蛋子,268601146,不划了,太简单了 看一遍就知道怎么吃了[doge]
中野114514玖,165474970,咕，咕咕咕咕，咕咕咕咕咕 ――MTF-辛巳-01“合鸟之歌”,"你觉得这个稿件有什么问题？
 ○违法违禁
 ●我吃不到
 ○低俗
 ○赌博诈骗
 ○血腥暴力
 ○人身攻击
 ○与站内其他视频撞车
 ○不良封面/标题
 ○转载/自制类型错误
 ○引战
 ○不能参加充电
 ○青少年不良信息
 ○有其他问题
为帮助审核人员更快处理，请补充转载来源等详细信息
多行文本框限400字
未选择任何文件
支持JPG／PNG等格式，最多上传 5 张
提交"
绵羊料理,18202105,你减肥路上的绊脚石！合作QQ：212926668,这次的鸡腿大包，一共做了10天。第9天其实就已经完成了拍摄，无奈SD卡老化，丢失了一个机位的素材，思考再三，还是补做了一遍。由于最后的成品实在惊艳，所以我临时决定，给它手绘一个彩色的包装。无奈我购买的广告笔没有及时发货，只得退而求其次，用电脑做一张图。原创料理很繁琐，没有前人总结的菜谱，只能凭借经验不断摸索，不断试错。原创菜品也很有趣，制作过程中有那么一瞬，我真的感觉这个产品能成为爆款，所以才有了片头的那一段“想peach”。只是，在家做鸡腿大包，一个的食材成本是41.6，你们说，如果量产的话，我该如何定价呢？？？
双汇,677813126,健康美味，给铁铁们做到位 （十万粉丝抽一人送十头猪！实现养猪大户梦！）,抢到前排了！这鸡腿要给汇宝加一个吧[脱单doge]
GoldenRule,43024133,这个人懒死了，但是个好人呀,那牙签梗别的视频刷就可以了，美食区的弹幕也刷这下三路的梗是不是有点膈应人了
一只胖橘awa,385836449,,3个硬币，让绵羊为我更新了304个视频[doge]
HEXATRON-ONGAKU,13848247,TakeItOrLeaveIt,第一次，被美食视频震撼到，不是因为华丽的包装与背景或者说视频拍摄手法，而仅仅是美食本身，与作者对美食的创造力，谨慎亦自由大胆，朴素而有灵魂，最后还能带上情怀。感谢大姨让我对美食区有了新的认知。真的都是心里话，不是无脑复制。
漠殇枫雪,302326033,"T1Me WiL1 Te1l


",这项目我王多鱼投了[doge]
芙柚,1611898559,,三句话，让绵羊翻车18次[脱单doge]
相泽南真是太好了,312123024,相泽南，李在赣神魔!,大姨，你这鸡腿怎么这么贵啊？鸡皮子是金子做的还是鸡骨头是金子做的[傲娇]
发麻麻的乖宝贝,343093118,别看我信息,"绵羊是意大利和中国混血吗？
不然怎么长得这么像我的意中人[害羞]"
渣男俞某,289508790,我真是high到不行啊！,我猛然一看，就猛然看到这个视频，我直呼我直呼，上次看到这么这么的视频还是上次，这视频属于是典型的典型了属于是，我之前还没发现，当我发现的时候我已经发现了，这视频就像一个视频，视频的内容充满了内容，我不禁感慨了一句感慨，真是听君一席话，如听一席话，希望下次看到这么这么的视频是下次。[藏狐][藏狐][藏狐]
液位计226,23301617,,趁现在没人[脱单doge]我是绵羊家的狗
人生没啥意义,400094872,"阿巴
",怎么一个，得卖2块吧[doge]
挫折总会过去的,357533049,,我是预言家 我预言下一期绵羊要做入口即化的柠檬挞[doge]
双汇甄选,651298625,关注汇汇有肉吃~+V：shuanghuiDS ，一起来吃肉肉吧,看起来好好吃，现在排队买能抢到吗？[星星眼][星星眼]
疯狂的菜羊,32527175,"人可以菜，但是不能不疯狂
十分感谢每一个关注硬币评论弹幕收藏推荐
欢迎订阅网易云电台Vegetable Sheep的口琴",这个鸡腿炸的有点大啊，我忍一下吧。[doge]
我想和小白一起学读书,486017285,,我动态里有张郑州越野车队救援的联系方式 大家可以扩散一下吗
但凡有6个硬币-,362468285,多投几个币吧,大姨的体重
太阳星星的糖葫芦,483413713,太阳和星星的糖葫芦，是世界上最好吃的糖葫芦,"对不起，打扰一下
已经点赞投币
转自up浪哩个菜【45分钟前！】
阜外华中心血管医院！！！在东四环郑开大道旁边，紧挨贾鲁河边。现在情况怎么样了？我老婆昨天上班被困在职工宿舍，联系不到一个人[大哭][大哭]，最晚一次是同事给我发的短信，水位还在涨，一天没吃饭了。我老婆还怀有身孕[大哭][大哭]不知道救援队是否到了，一整天了，全院断水断电[大哭]有没有新闻媒体能报道一下[大哭][大哭]我在东区开车试了知道的能到东边的全部道路都淹水堵死了[大哭][大哭]"
whenever早上好,518279162,与这阳光小道擦肩而过，转角又遇到新的向往,看时长就知道绵羊翻车了不止一次[妙啊][妙啊][脱单doge]
我是你博博,252187862,,看别的美食区UP主的视频是想要复刻交作业，看这位UP主的视频就看看，对就看看热闹。毫无复刻的欲望[捂脸]
H绯想天,346392491,不做废物,考虑批量生产么大姨[脱单doge]
妙评收割者,384368313,6级大号总是被吞评论，故用此新号发评论。,"大姨做的鸡一览：[妙啊][妙啊][妙啊]
中式炸鸡：BV1zi4y157Jb
花椒鸡：BV14g4y1i76z
史上最棒炸鸡：BV13E411p7pu
东安鸡：BV1C7411e7Qa
酥皮烤鸡：BV1ib411N7EU
盐酥鸡：BV19W411z7NE
甜辣酱炸鸡：BV1Ws41197b4"
虚拟少女会梦见仿生龙,36177574,我永远喜欢乐正龙牙.jpg,看封面我还以为大姨用筷子抵着鸡腿和脸，，，我寻思这干嘛呢[乐正龙牙3rd_呆住]
我没什么不同的,399309936,纯1,发生什么事了，半个小时就五万了[妙啊]好多云吃货
人生不过山海,39036729,,说实话，大姨设计的那个火腿包装，我看了估计都不敢吃，不是说不好看，这种风格在很多地方都适用，但是在食品界总给人一种假冒伪劣的劣质产品的感觉[辣眼睛]
汤大萌呐,456877923,,绵羊是我除了冰冰外每个视频必定一键三连的up主[热词系列_好耶][热词系列_三连]
毕导XXL,259518927,,窝头炸了鸡，你也炸了鸡，好家伙，羊肉泡窝头梦幻联动[doge]
丨小闹钟丶,397297792,无,"一个时辰=2个小时。
八分之一个时辰=15分钟。
30分钟怎么算的？一个时辰=1个小时？"
夏-星,636969890,迎接挑战，面对现实，提升自我，前进!,"停，别继续往下划屏幕了，看看下面这行字

“你超棒！明天请继续加油！”

OK，可以划走啦
只是以防万一今天一整天都没有人夸夸你 
[给心心][给心心][给心心]
转的，偶尔看到这样的评论也不错不是么[脱单doge]"
木木枭木木,616629901,,好吴聊，我亦下就点开了大姨的视频，然后发了一条评论，凡正也没人给我点赞
游手好闲的MADAO,506561395,,"省流：
5：42结束正片
6：00开始恰饭"
发麻麻的乖宝贝,343093118,别看我信息,"刚刚回宿舍的路上真恐怖啊 ，我只想买点零食，结果差点吓死，进了超市以后总感觉有几个女的跟着我，我走哪她们跟哪，我想走快点结果其中一个女的过来拍我肩膀，我顿时一慌，然后那女的看看我说了句 ""抱歉认错人了""  ，我想那我继续买东西吧，然后过会我听到她小声地跟其他人说：“我靠真的是绵羊的男朋友啊！ ”"
KK-,472234708,,"省流大师：
 
 
 
 
 
 
 
 
  
用WiFi看[doge]"
空l徐L,291394778,,绵羊的脸肿么了[doge]
宏氏,1562424565,,售价：500／只
阿团wow,589106601,嘿嘿,不会315过来的还在按时间顺序看评论吧[doge]
观察者网,10330740,广受年轻人心疼的时政网站（www.guancha.cn），合作联系market@guancha.cn。,馋了馋了[星星眼]
xvkxr,454758700,Step  by  step.,我已经投币了，大家不需要投币了，算我请大家的[doge]
五层门卫马师傅,339853688,你以为我没起飞，其实我已经飞到了平流层，芜湖！！！,这个鸡腿有点大，需要忍一下（十天）[藏狐]
嘻嘻扭,290736245,,不是，绵羊每次做饭都很努力，但是味道真的好吃吗？外形看着不错，总是默认外形一致了就好吃，配一些吹爆天的文案，这种模式时间长了也会让人感到腻了，对料理的味道也产生怀疑。从绵羊的视频里学不到做饭的技巧，反正是不实用。
郑够钱,23918018,所有的努力都不会被辜负，我不想把世界交给那些我讨厌的人,终于发视频了啊啊啊
相泽南真是太好了,312123024,相泽南，李在赣神魔!,流量管家:恰饭[doge]
咕咕咕NUO,1793749102,小舞和阿离的老公,"我的鸡腿很大，你忍一下
三分钟就好了[doge]"
品德高尚-,283327236,,"对不起，此评论可能会打扰到各位
转自最新消息
1、郑州经四路 变压器漏电，大家注意绕行！！！ 
2、科学大道金梭路鱼尾狮附近有天然气泄露，各区域人员不要走动，不要用明火不要靠近窗户
3、中原西路与桃贾路已断，经过一定要注意
4、新乡市丰华街与华兰大道交叉口东南角配电箱漏电
5、玉兰街与金梭交叉口附近公关卫生间不要去，高压线爆了！！！
6、不要去政七街红旗路路口，高压漏电
7、郑州中牟县青年路新向民前方报停旁边的变压器漏电，大家注意绕行！
8、花园路农科路向东方向漏电！
9、金水区黄河路附近有漏电！
10、科学大道与荥泽大道交叉口东北角路面塌陷！路过行人车辆请注意！
11、郑州上街区多处道路隐患和漏电情况！
12、紫玉路有塌方
13、 荥阳市广武路步行街东口出现窨井盖缺失和塌方
14、开封河大附近有漏电"
ETO-统帅,691212239,模型爱好者,绵羊下一次是不是要做柠檬甜品[doge][doge]
o泡男孩儿,1275927790,,果然有些钱就该让别人挣，绵羊啥时候开店啊[星星眼][星星眼][星星眼]
原来是磊兄啊,415187238,成都小伙，现高二学生破锣嗓，症状气短,"刚看完纪录片，真的很感慨
回刷这个视频，真情实感地感觉好像视频真的很短，大姨把那么辛苦的过程全一笔带过，只留下最后的成品留给大家，真的很惭愧，如今UP主不再是一个身份，更是一种精神，为观众带来思考，带来有实感的东西。大姨做得很好。
我将不会吝啬自己的硬币的诶？不给~[妙啊]"
若无咕亦咸,53269148,"不要看评论区
会变得不幸",出息了 0播放
喜欢夏天的小张,478882369,,好家伙[doge]3.8万人在看[doge]
无奈天天想偷鸡,39316754,    ℃ ~Senhelpa  蛋疼的人生不需解释。(oo),"创意很好
成本太高
工序繁多
难以畅销"
学海无涯放弃吧,241923950,,面包店还不赶快卷起来！[doge]
呓语者Yee,324181610,一个爱做梦、爱音乐、爱游戏也爱世界的小胖子,还是绵羊阿姨的羊腿更好吃[doge]看起来就很肥腴
沧海九公子,325545400,德丽莎世界第一可爱！,"插个嘴，可能会打扰到大家
各位朋友，今晚如有在郑州东区高铁站附近的朋友无法回家可以来绿地天空之城二楼素语蔬院暂歇，到了请联系我13673778059  
[微笑]欢迎您的光临
素语蔬院河南禅意素食地标品牌！
地址  绿地双子塔南塔天空之城商场二楼

凡是在郑州曼哈顿附近无法回家的人，都可以去F区18号楼二楼乐界潮会所避雨休息，可以提供水和简单食品，全部免费。请朋友们转发告之。[抱拳][抱拳][抱拳]

如果有人被困在商鼎路黄河南路附近 可以搜索东济堂 里面有水和食物 还有好多床位 可以免费留宿

大家帮忙转发一下 给有需要的人看到。（转）"
请加入我的关注列表,23033702,,我想，知道，这个，多少钱？（成本）[嫌弃]
松下panasonic,1205649118,致力于提升现代人的生活质量，实现“有温度”、“有鲜度”、“有深度”的生活。,看成了 花10元炸一只鸡腿  差点学废了[藏狐]
星辰沧破,288769847,请输入新个性签名,"凡是在郑州曼哈顿附近无法回家的人，都可以去F区18号楼二楼乐界潮会所避雨休息，可以提供水和简单食品，全部免费。请朋友们转发告之。[抱拳][抱拳][抱拳]如果有人被困在商鼎路黄河南路附近 可以搜索东济堂 里面有水和食物 还有好多床位 可以免费留宿

大家帮忙转发一下 给有需要的人看到。各位朋友，今晚如有在郑州东区高铁站附近的朋友无法回家可以来绿地天空之城二楼素语蔬院暂歇，到了请联系我13673778059  
[微笑]欢迎您的光临
素语蔬院河南禅意素食地标品牌！
地址  绿地双子塔南塔天空之城商场二楼
（转发）"
果果晓可爱,1988144241,,万一火腿是双汇的呢[doge]
睡觉多半是困了,222383457,ZZZ,绵羊最好的视频就是上一期[嗑瓜子]
默认是憨批酱,433420822,我是默认是学霸他爹。,"*你觉得这个稿件有什么问题？
 ○违法违禁
 ●我吃不到！我吃不到！！！！！！！！
 ○赌博诈骗
 ○血腥暴力
 ○人身攻击
 ○与站内其他视频撞车
 ○不良封面/标题
 ○转载/自制类型错误
 ○引战
 ○不能参加充电
 ○青少年不良信息
 ○有其他问题"
爻若,17906538,,这种做法其实和惠灵顿牛排差不多   如果有条件的话  鸡肉换成牛排其实效果更好   这样不用提前熟成牛排  简单封边后就可以直接烤制加炸 这样口味更加通透 牛排的口感也是恰到好处
是苍月呀,668308528,这个人很懒很爱玩Terraria,315时代前来考古
自由的我YOY,114282456,,双汇。。。[doge]
胖胖胖仓鼠,73519589,,建议直接跳到 6：00 [打call]
种花家的阿荣,677119822,,看到大家都是滚回来复习投币的，我就放心了
冈崎朋也Official,99771409,我永远喜欢粉少女毛爱莉西雅,花10天炸一只鸡腿？入嘴的瞬间，馊了！
QWERea,442581778,相对静止,期待入口即化[doge][doge][doge][doge]
会打篮球的小鹿,1778586263,,就绵羊姐这手艺都可以去米其林三星当主厨了吧！[哈哈]
一个东北上单丶,46434000,,等我有钱了 把吃香菜的异类全都突突死
Yvonne__v,320501404,,来了！！
桀桀结,22090079,呃呵,热乎
小她_,343376158,,纪录片来的重温！[打call]
毓秀悦,582256142,,"河南多地持续暴雨、险情频发,目前救援工作急需下列物资：1.水泵

2.积水警示标志

3.发电机

4.净水器

5.帐篷

6.救生衣

7.应急灯

8.方便食品

9.瓶装水                                                                                                                                                                                                                                                                                               联系方式：

河南省青少年发展基金会

或直接拨打12355

救援一线，需要您的支援！[保佑][保佑][保佑][保佑]"
泠胧魄,284929689,,"打扰  开团了兄弟们！！！
https://b23.tv/KLXZ8s"
乌云是黑化的云,491505436,,"*你觉得这个稿件有什么问题？
 ○违法违禁
 ●我吃不到
 ○赌博诈骗
 ○血腥暴力
 ○人身攻击
 ○与站内其他视频撞车
 ○不良封面/标题
 ○转载/自制类型错误
 ○引战
 ○不能参加充电
 ○青少年不良信息
 ○有其他问题
为帮助审核人员更快处理，请补充转载来源等详细信息
多行文本框限400字
未选择任何文件
支持JPG／PNG等格式，最多上传 5 张
提交"
最爱燕山晴后雪,32806771,,终于更新了，每天都要看好几次更新了没有[大哭][大哭][大哭]
无限的子弹,18703318,,"双汇今年315好像是不是被曝加工过程中不干净

[辣眼睛][辣眼睛][辣眼睛]"
笙,87806989,理论,花10元吃大鸡腿？！还有此等好事？嗯？等等(眯眯眼)，哦，花10天啊，那没事了[藏狐]
千潮-金,2029966481,一只喜欢van原神的屑,双汇翻车了[doge][doge][doge]
琰硫丶璃月,34743505,灵魂在不停行走，肉体在各处葛优瘫，脱节了快,其实吧……都做到这个程度了……中心塞点啥不好……火腿肠就……
帅六十真是绝了,31215454,,真的胖了
善良的搋子,391596215,无语,看完纪录片来给绵羊投币[打call]
taybeauty,441580411,,纪录片回来的，大姨辛苦啦[给心心][给心心][给心心]
卡卡Iris,3550872,工作繁忙 暂不更新(ＴＴ),纪录片过来回顾[脸红]
Ran丶II,33693379,一个正在学料理的超大小吃货，记录并见证自己的进步,请问这和最好吃的炸鸡比哪个好吃[doge]
会飞的小阿雕,4742348,我也是醉了,看完不负热爱回来三连
云喜xh,349955543,乏善可陈,看完纪录片[热词系列_这次一定][热词系列_三连]
鲸落星河犹星坠,389322589,海上月是天上月，眼前人是心上人,为啥我小时候吃的鸡腿面包就是鸡腿样的面包  都没有火腿[热词系列_泪目]
gM,384211547,"笔名gM。
喷涌的才是快感。
",俺吃完饭惹[星星眼][星星眼]
justpaddington,1022270348,手残音游人,好家伙，绵羊既恰了双汇的饭，又恰了老坛酸菜的饭[热词系列_泪目]
-宋瑞秋-,272927631,B站让我觉得我就是个废物,青菜肉坨坨居然是鸡腿？[热词系列_知识增加]
沐沐℃,327586108,,来啦！
宇文寻,149968112,栉风沐雨，敢未行耶？,看完纪录片回来，感动得哭出来，必须给姨补两个币！！
L^m吹-,289611850,,看了纪录片，大姨太不容易了
无聊的勿落,317033919,年度大会员（伪）,那么问题来了，在哪里才能买到呢？[吃瓜]
whiterosea,502864933,,大姨每次做的东西都好棒，让人一看就想吃，大姨每次翻车也要重做好几次，能看出大姨很爱料理！每次做视频文案也要想好久吧，大姨牛的！这么认真的美食up我真的好敬佩
风神凌白,675647490,,看了一眼有近800万粉丝，有多少人会吃不会做
渴口渴口口,9816414,,从入口即化蹭饭视频过来的，绵羊人真好，点赞+关注了
战呼二处代号御猫,15796103,2hhhh~~,入口即化
唯兴追随1007,331228899,,提前过来蹲一个柠檬挞[吃瓜]
铁骨铮铮苏格兰,309984713,,期待柠檬挞[doge]
古夫大帝,482224649,,绵羊都可以去开饭店了[藏狐]
bili_23706541593,525585751,不用查成分了，原神 王者 联盟都有,看到消息有红点我吓到了，我还以为几百条转发终于中了一次奖，结果一看是预约上线，我都差点忘了我还预约了个视频[藏狐]
史维佳,105260070,,"第一题  （2分）
该视频中存在哪些冷知识？
答 ：（1）小茴香=香菜（2）蒜苗=韭菜。"
木M夏,451389538,地球online体验极差,被甲方背刺的屑绵羊
老寒梦吖,1579082997,,这期视频是我的入坑作
锦素d,1507098096,,看完纪录片的我回来补币
越仔729,30776521,,十天榱苏ㄒ浑b，那粉z可以吃一口幔
Highwayyyyyy,178501717,,视频又好吃又好看[doge]
账号已注销,502437428,,热乎的
米洛永远的神,486042898,,1000万播放[辣眼睛][doge]
BADDESTVILLAIN,298745799,学生，喜欢动漫，就这样,双汇出问题了
我只想安静摸鱼,22390822,,姐姐，我刚看了不负热爱过来的[微笑]
不太想说c,695915475,,刚刚看完纪录片前来投币
坏蛋麻糍,146696205,我怎么这么能吃,滚回来投币
听它们说改名可以中奖,392665856,,刚看完大姨的纪录片，真的好感动！19年关注的大姨，那时候一百万粉都没到，但因为大姨熟悉的口音有趣的文案和不断复刻的美食关注了！！一直觉得大姨在进步，是美食区最用心的up之一，现在的绵羊有这么多粉丝和她一直以来的认真坚守分不开！！大姨真的好棒啊[tv_大哭]你值得
秋F尽,609666437,,看完记录片，特意回来补个[热词系列_三连]
mayidenanren,349500355,18745092872,本来不想看这个视频，结果它在我的主页飘了17天[辣眼睛]
小哔窄汁,323388641,,你好绵羊料理女士，我是人类高质量男性，今天我想来向您征婚请您给我一个机会，谢谢[tv_doge]
微枫秋,288721770,,"中国网民投票要求世卫组织调查德特里克堡生物实验室
https://b23.tv/KLXZ8s   大家记得去投票啊"
da_ze,170218273,励志签到投币上六级,777w的粉丝数[脱单doge]
凉城孤pi,85437071,,兄弟们跟团：→https://b23.tv/KLXZ8s[doge]
泠霜花,205292583,妄想着靠评论涨粉丝,用双份的材料不就炸出来两个鸡腿了吗[doge]
吻X,438164669,,45分钟我是不是来晚了？
思墨默スモモ,1917432,,大姨的脸是不是圆了[热词系列_知识增加]
咖葛,398129067,,完蛋，绵羊被甲方背刺了，双汇出事了
一之烤肠,1319618693,这个人很神秘，什么都没有写。（被骗了吧，hiahia）,弹幕里阿帕“鸡”的真是个人才
请输入新昵称哝,1867921083,,315:？
牧之和木木,102758735,贱者虽自贱，重之若千钧,3.15双汇hhhh
最厉害的神明,384021856,,芜湖  十分钟之前  冒热气！
剑圣苇名一心,21323437,Do you think he is the most handsome one?!,这就是拉丝鸡腿？
小满为盈y,180180598,"是个想更啥更啥的佛系小透明up主U( BωB )厂

哔哩哔哩：小满为盈y
今日头条：小满为盈y",我就想找个没有那个梗的视频看看，现在就算不玩梗也有弹幕cue到，好难[跪了]
爱上菜的店小二,290374626,永劫无间双赛季修罗，无望赛季天人五百强，开局80pin打团三十帧，打钱挑战可惜，没有流量就开摆的岳山小迷弟,绵羊做这个是不是怕自己变胖了不好，想把我们也变胖啊[doge]你可真是个小机灵鬼[滑稽]
我是鸭梨a,253079756,高二在读女学生 ArianaGrande死忠粉 热爱摄影 足球 打游戏,我想上热评[脱单doge]
大窑加冰美滋滋,1039249437,,"我发布了一篇笔记，快来看看吧
第一次，被美食视频震撼到，不是因为华丽的包装与背景或者说视频拍摄手法，而仅仅是美食本身，与作者对美食的创造力，谨慎亦自由大胆，朴素而有灵魂，最后还能带上情...
https://www.bilibili.com/h5/note-app/view?cvid=14609689&pagefrom=comment"
爱学习的汪星人,1202696431,,"我发布了一篇笔记，快来看看吧
大姨每次做的东西都好棒，让人一看就想吃，大姨每次翻车也要重做好几次，能看出大姨很爱料理！每次做视频文案也要想好久吧，大姨牛的！这么认真的美食up我真的好敬...
https://www.bilibili.com/h5/note-app/view?cvid=14609315&pagefrom=comment"
川川特A,13462181,,大家真的很爱看炸鸡 大姨视频播放前两个都是炸鸡[doge]
可燃_冰,382165581,懒……,请问哪里能买到[doge]
大脚猫薅羊毛,35958602,如果脂肪有价值，世界首富就是我,这个要是量产了真的想试试[大哭]
帆不是凡1,521235149,,建议说唱区的过来看看学学
哄姆辣酱,921784,猫娘，是会掉毛的！,我觉得双汇那设计，朴素点就好，就搞个透明吧，能完完全全看见里面的实物配上一个普普通通的logo，这样我们就能看见里面满满的瘦肉！让胃代替你的大脑思考勾起满满的购买欲望，说了这么多其实就是想让你加肉。
xuanzhizhi,608574886,,大姨和鸡腿有着不解之缘[妙啊]
许笑童_,50721610,一个非常普通且随性的人,刚看完纪录片，才发现发视频的那天是我生日
三水是一条鱼,14107869,求你努力做一个好麻瓜,纪录片回来再看呜呜呜  大姨太棒了
抓马威廉,273178877,,回来补币
棉花冰淇淋,17676023,,我回来投币了加油温暖的大姑！
老婆小孩子,1005745771,,我才一级，请多多关照。
Oscar-Xcr,1752080433,,现在有一家店就有绵羊的这个鸡腿面包，叫做麦都膨胀工厂
在下名琥珀,1941960169,,好一个“稍加”改良，这是直接翻新
十一月的肖邦和年审狗,11811863,一个喜欢在路上写点文字的审计狗，渴望寻找同类，并与你相拥。,BZBZ？bzzb！
o喵喵小懒猫o,122546166,,等下一期入口即化，层次分明的硫酸挞～
想与风相恋,2048496825,,预言下期入口即化的柠檬挞[tv_doge]
我真的不是泡面,58762863,好好演，别入戏,我觉得把菠菜换成海苔会更好吃
花式望天,161837157,,巴黎贝甜比你早出过款鸡腿面包。不过除了外表以假乱真外。。表皮好像麻薯做的，内里的馅料[无语]鸡肉泥加碎粉丝加香茄丁，贼难吃
Seawan_Lu,351397684,,等入口即化的甜品[doge]
啵啵啵啵一大啵,34501368,,纯路人问一下，孙燕姿怎么成了做饭up主[doge]
贝式贸易基团有限公司,2042680,在下再怎么改名改头像，名字也叫小贝,我咋感觉胖了呢[笑哭]
还有一天就周六了,454911031,哈哈哈啥时候休息啊,大姨为什么长得这么像陈梦呀[吃瓜]
惹伊人,1761793549,"梅丽尔（羊驼）YYDS
              O(∩_∩)O",那不是那这一个鸡腿包成本那么高，自然而然的价格不就高了吗？
交出你的神之眼,499538527,这个人很懒，什么也没留下,好久不见绵羊，发现胖了不少[tv_doge][doge]
ET_TUDOU,488508312,,"*你觉得这个稿件有什么问题？
 ○违法违禁
 ●我吃不到
 ○赌博诈骗
 ○血腥暴力
 ○人身攻击
 ○与站内其他视频撞车
 ○不良封面/标题
 ○转载/自制类型错误
 ○引战
 ○不能参加充电
 ○青少年不良信息
 ○有其他问题
为帮助审核人员更快处理，请补充转载来源等详细信息
多行文本框限400字
未选择任何文件
支持JPG／PNG等格式，最多上传 5 张
提交[傲娇][傲娇][傲娇]"
83000000000,1812797758,,没想到吧？我在吃饭，馋不到我[滑稽]
西街买可乐,57048652,,"你觉得这个稿件有什么问题？
 ○违法违禁
 ●我吃不到
 ○低俗
 ○韶钢乓痒
 ○血腥暴力
 ○人身攻击
 ○与站内其他视频撞车
 ○不良封面/标题
 ○转载/自制类型错误
 ○引战
 ○不能参加充电
 ○青少年不良信息
 ○有其他问题
为帮助审核人员更快处理，请补充转载来源等详细信息
多行文本框限400字
未选择任何文件
支持JPG／PNG等格式，最多上传 5 张
提交"
是老司,100475473,谢子云：视人之得，为己之失；视人之失，为己之得，以为常，歧也。我虽弗得，亦无所失，何患？,肯德基：不错，我拿来就用了。
咕咕米娅桑,294600382,,"*你觉得这个稿件有什么问题？
 ○违法违禁
 ●我吃不到
 ○赌博诈骗
 ○血腥暴力
 ○人身攻击
 ○与站内其他视频撞车
 ○不良封面/标题
 ○转载/自制类型错误
 ○引战
 ○不能参加充电
 ○青少年不良信息
 ○有其他问题
为帮助审核人员更快处理，请补充转载来源等详细信息
多行文本框限400字
未选择任何文件
支持JPG／PNG等格式，最多上传 5 张
提交[傲娇][傲娇][傲娇]"
夜语霜华,43081011,随缘投稿,花10天炸一只鸡腿？入嘴的瞬间，坏了！
菱-Sky,12309038,,"查美国德特里克堡生物实验室的官方联署链接：→https://b23.tv/KLXZ8s
如果家长怕不安全，告诉他们，不用实名，类似于投票，让他们不用担心[妙啊]
我们联合[妙啊]"
爱吃蛋糕的小糸侑,1698484627,,封面我看成了深圳校服（？？？）
yゎ}T士,344864037,回家做自己,快去申利！
兰州拉面大澡堂,1929782444,,"若在座的各位还没看视频，请谨慎观看此评论，若看了同上述
如在半夜经常感到浑身无力，全身烦躁，且手脚不听使唤地向厨房、冰箱、零食走去，或者大半夜不由自主的点外卖。出现这种情况，请一定要注意了！
你极其有可能感染上了一种病：嘴馋晚期
这种病非常恐怖，请务必转发此评论[doge]"
蒜头大王八-,234368594,,亲自做过了 虽然有点小瑕疵 不过还挺好吃[呜米_得意]
CrazyOZombie,40101717,噜啦啦噜啦啦噜啦噜啦嘞~,封面以为在用嘴拉弹弓
是木人但不是木材,1189652979,本命f(x)，mamamoo，itzy，墙头无数（只要是美女帅哥我都爱）,"*你觉得这个稿件有什么问题？
 ○违法违禁
 ●我吃不到
 ○赌博诈骗
 ○血腥暴力
 ○人身攻击
 ○与站内其他视频撞车
 ○不良封面/标题
 ○转载/自制类型错误
 ○引战
 ○不能参加充电
 ○青少年不良信息
 ○有其他问题
为帮助审核人员更快处理，请补充转载来源等详细信息
多行文本框限400字
未选择任何文件
支持JPG／PNG等格式，最多上传 5 张
提交"
十八砼人_,287055145,,胖了胖了
申真胥的第二十一手,275987549,雄关漫道真如铁，而今迈步从头越。,《惠灵顿火腿肠》
荒野乱斗日暮苍山远,610477861,,总感觉是个大芒果
单推武士道的DD,441159147,一个没有个性的孩子,封面像马丽（）
氵氵氵氵也,180873835,啤酒炸鸡花生米，红枣枸杞大碗茶,这个双汇征集广告让我想到了汤达人。。。。。。。
L人,446597615,他对不起了太多人，但他绝对对得起苏联,"十年前，
我抛弃作业，老师和学校，
不顾他们质疑的眼光，
一个人来到B站，
辛苦打拼了这么久，
才到3级
我好累...
我快要坚持不下去了，
有好心人帮帮点个赞让我...
早点水到4级吗！[doge][doge][doge]
这个评论是我复制的，我看他水到了，我也想试试"
火星棋士,204767336,这个人不懒，只是想不出写什么内容,吃大包！吃大包！[tv_抓狂]
老寒腿Geralt,381920394,人类的赞歌就是勇气的赞歌，人类的伟大就是勇气的伟大。,封面马冬梅
十樱樱樱樱樱樱,475192583,表达欲旺盛的社恐患者,"借楼
xdm开团冲美国德特里克堡生物实验室了
链接：→https://b23.tv/KLXZ8s【转发】"
早川十八罂,302180847,カラ一,为什么晚上刷到好饿啊[哭泣]
RNG丶柒,81306466,,5000千亿。差不多是个地球人就吃了71根。有2500亿只鸡变成了残鸡，这样残忍的up白嫖了。
242588562,282274111,,[罗小黑_可可爱爱][罗小黑_可可爱爱][罗小黑_可可爱爱][罗小黑_可可爱爱]
lcdoggy,89080224,,能不能不要玩那谁的烂梗了，看着就恶心
浅韵_fg,673724612,望你整个山海尽收眼底。,3个小时110万播放？就离谱。
彭椰林,285315225,,好家伙，看完大姨的视频后，我打开了美团外卖[妙啊]
waz_up,404903622,Gsanto?,女版张大仙不是没有道理[热词系列_知识增加]
老必登心上的jk小媚媚,90404801,朕的圣光普照大地,太香了，我自愿贡献一条腿让绵阳炸了吃
latteo糖,24948462,好好学习，天天开心,希望不要在好好的美食视频玩恶心人的梗[跪了]
TAco0塔可,299557625,绘梨衣,看得我好想亲绵羊一口
艾姆歪歪,326544691, ,趁还算前排 我想当大姨的狗 能跟三连一起玩还能吃到双汇火腿肠[妙啊]
可闪,99441835,"等待电锯人动画，要努力学习！
每一条评论大概都会回复哩
想做一个搞笑up",已经吃饱了
维生素片B族,123232354,,我想看椰树的老板设计火腿肠包装[doge][doge]
凯知文,668862752,,32分钟，还热乎
如果改名能中奖吗,367989051,,[绵羊料理-2][绵羊料理-2]这波吃肉肉
八依姥爷,150406137,人菜还喜欢玩游戏,兄弟们币我投过了 大家随便看 不用投币了啊[吃瓜]
一条小闲鱼_-,492478249,,"低情商:绵羊胖了
高情商:绵阳的工伤愈发严重了
[doge]"
Sunshinee杨,401535135,,就是说呢，我作为一个，一个就是B站的，的一个会员，需要给您的视频进行一个评论，评论就是，就是说我这边呢，这边就是要给到您一个反馈，然后呢，我这边就会，给到您一个白嫖。[doge]
卤肉豆腐花,438154766,,鸡腿之大，一锅都炸得下[doge]
卖萌买梦,35619624,音容笑貌，记忆犹新。,翻译翻译什么叫做鸡腿！
橙ba,172460399,英特纳雄耐尔就一定要实现,好耶！大姨！
luluyuyuhang,450225038,阿巴巴咕咕咕,看起来很好吃呢
蜜雪冰城黑化站,548578233,这B太懒，妹写简介......,你辜负了我看动态时的期待[doge][doge]
明燃-,440214166,,来的挺早，但不知道发什么能上热评[妙啊]
我这个是好看的名字呢,32280490,看我看我，我是个**,大姨感觉越来越像大仙了（[呲牙][呲牙][阴险]
鲶青人要气盛,351638597,我的青春没有后悔！！,三分钟，让大姨为我更新了80万个视频[doge]
小柯莱贴贴,73727685,5,我刚吃完啊，饿死了[打call][打call][打call]
小萝卜泡菜好吃吗,210145365,【李易峰・N.Flying・Santa】,四分钟前我出息了！！！
阿丹aq,371033373,阿球阿丹佩奇,好瓜[吃瓜]
芊阳丶Askx,1304777263,我是芊阳，B站新人，多多关照！,欢迎来到“”白天刷不到，晚上逃不掉”系列
Serein甜茶,628085346,爱喝奶茶的可爱女孩纸οωο,哇哇大姨破百万赞了[惊喜]
幻爱y卡,62351775,这只幻爱懒死了，什么都没有写~,来回顾去年的视频，发现现在居然有27歌小伙伴在一起看[Cat2_EatByDonut][Cat2_Hoop!]绵羊真的超棒！
大魔导师森夏夏,590519,森夏夏是大魔导师,越来越像贾玲了
阿妮娅今天吃瓜了吗,399064784,Waku Waku,热乎的！！！
封闭金玫瑰催雪,7264618,,来了！
禄十七,1269472279,看个屁,"停，别继续往下划屏幕了，看看下面这行字

“你超棒！明天请继续加油！”

OK，可以划走啦
只是以防万一今天一整天都没有人夸夸你 
[给心心][给心心][给心心]"
我想叫的名字都以存在,1908244461,,"记得几年前的大姨还很羞涩，现在已经很开放了[doge]
（这里开放是褒义词
不喜勿喷，不喜勿喷，不喜勿喷，重要的事情说三遍）"
__岁岁年年,446619807,,看着绵羊的视频，莫名觉得很幸福！
佚名无过,436943905,在摆烂和三分钟奋斗间来回震荡,看了纪录片专门回来投币
小主忠,180263072,,爷关更！
开开心心笑哈哈,1265645644,,"我发布了一篇笔记，快来看看吧
刚看完纪录片，真的很感慨 回刷这个视频，真情实感地感觉好像视频真的很短，大姨把那么辛苦的过程全一笔带过，只留下最后的成品留给大家，真的很惭愧，如今UP主不...
https://www.bilibili.com/h5/note-app/view?cvid=14966693&pagefrom=comment"
无敌肉蛋,629446072,,绵羊和鸡腿真有缘就是说
奔跑的蜗牛528,1900733612,,好吃吗？
汶淋,25463977,,看着好好吃啊
TenjinWorks,8617175,体内流淌蓝色血液,我还以为真的上市了淘宝搜索半天[藏狐]
午後瞬,34128874,"。。。
",看了下油管和b站这个视频播放量都超高 果然大家都喜欢炸鸡腿[打call][打call]
最棒的老婆,192957930,"我是旧时代的残党，新时代没有能承载我的船
I had a crush on him","三句话，让绵阳花10天给我炸只鸡腿。
入口的瞬间，值了！[doge]"
啊咩啊_,8485314,,建议加入标签美腿诱惑
VirgilQin,20212209,,成华大道到二仙桥，绵羊在成都么？
Bob小哥,388085936,,有一说一，我看饿了
19199584303,1544685661,,1274.4[星星眼]
llvvll,20482880,,开店吧
不知道改什么昵称好呢,483874504,。,好吃[tv_doge][doge]
-奥德修斯,7750801,修己以安人,鸡腿包真的火了诶！
书与可,181774044,,鸡腿面包量产啦
家里有个狗子,502716056,,回去翻了绵羊以前的视频，果然绵羊吃胖了[藏狐]
浣熊帮帮忙1412,1925237,,想看绵羊做松鼠桂鱼
霖囝,1881050,钟爱爽文,这一个香肠鸡腿应该能买3个肉夹馍[笑哭]，而且还是肥瘦的[嗑瓜子]
吾乃张三,37335024,,双汇火腿肠往美国送外汇
玩具卡9元5张,195417855,,可恶，下次买不到的不要复刻了[大哭]已经馋哭了
Yuya宇芽,343898439,"<3AlecBenjamin
学生党喜欢欧美音乐 剧集",@沫天白宇 @雨宿哦 给她[热词系列_三连][傲娇]
松鼠小姐的猫,44136166,Live a life less ordinary.,@Pure啦啦啦
喷火龙大战奥特曼,124674504,Nobody knows China better than me,太简单了 看一遍就知道怎么吃了[doge]
小学徒1997,1291834,,[大笑]菠汁菠汁停不下来，让我想到了上小学那会有人背 banana 这个单词，banananan 停不下来
`曳Helen,2122731421,,刚看了一遍绵阳2016的视频，这是换了个人吗?[辣眼睛][辣眼睛][doge]
缠住春风,298705965,,回来啦 绵羊辛苦了！
星移度秋,350645734,君子不器,祝绵羊早日成为美食界的大富豪[给心心]
每天都要做个人,326511432,十年饮冰，难凉热血。,回来补个硬币[doge]
礼拜天天天儿呀,452191010,,好想看看竖切面呀[撇嘴]一定更有食欲吧@绵羊料理
膝四刀,453833959,,来补票的
柠檬浅浅,524952573,喜欢很多美好的人儿和事物,返回来一键三连！绵羊加油！不负热爱，不断向前[给心心][打call][奋斗]
FrankEfron,343791431,从此有没有快乐，睁开眼睛有你的四季！,回来投币了
MJx-x,16986528,这个人好勤快！居然写了个性签名！,看完纪录片再来一遍
一起去买烤玉米,323698840,热爱可抵岁月漫长,回来投票吼吼吼
Fallen丶leaveT_T,286205390,,回来投币
燕赵清风,15387531,需要国关资料的请加Q群：53869172,绵羊：获奖抽我[OK]
熊猫酒仙panda,353132476,自在观，观自在，无人在，无我在，问此时自家安在，知所在自然自在。如来佛，佛如来，有将来，有未来，究这生如何得来，已过来如见如来。,大姨这画画水准直追幼儿园大班的小朋友，几乎不相伯仲！[吃瓜][吃瓜][吃瓜]
超人迪加1830,290908783,,1K多W的播放量，老粉给你3连了[滑稽]
_sope,26587007,so far away,来复习了
护手霜擦脸,7992674,不详,看了纪录片，来补赞[微笑]
予期wk,73810044,,已经看了不知道多少遍了_(:з」∠)_还是好馋，救命
不愿透露姓名的傲先生,507394,一个上进的废人。,看饿了[傲娇][傲娇]
余晖映月,539956468,,2016年 很老婆很老婆 2021年偶滴小脸怎么那么圆了[大哭]
rua狐狸,362100406,,但是这种夹芝士的必须热吃，不能放冷了，冷了就不好吃了[doge][doge]
陨落FALLFROMTHESKY,15304568,"这个人很皮,什么都没有写_(:з」&ang;)_ ",马苏里拉又名王师傅芝士
Harrison611,455162045,,看成“花10元炸一只鸡腿”，我乐呵呵的就点进来了，才明白是花十“天”：）
好运正在加载中,227620127,啦啦啦，我是一只小精灵......,疑似中国神秘爆破武器流出[doge]
狗朽金,2225830,,哪来的长泽雅美
专业风格,448110264,了解一切，然后了结一切,在？什么时候上市[doge]
jiu趁年华,93257857,天行健，君子以自强不息。,感觉你胖了额
吉吉国王喵,385193654,入水晶深坑、浅入翡翠和田玉坑的一只喵,馋了
KLOOK客路,487793027,全球5000万人在用的旅游预订平台，下载“KLOOK客路”App或访问klook.com，来玩点不一样,（老板）三句话，让我在绵羊底下留个评论[妙啊]
君莫笑灬离殇,480260260,,[藏狐]
星回岁首,507728950,"女孩的可爱程度,　与能吃程度成正比",999万播放量了，加油，突破1000万播放量[点赞][点赞][点赞]
每天少吃一口肉啊,326526101,拥之则安，抱之则暖,用看代替吃应该不会胖吧
春春还莫睡,474934986,,家里没有马苏里拉，看来只能用玛莎拉了（马上拉）[滑稽][滑稽][滑稽]
马克杯银,648451368,,我连桌面都搞成了大姨头像
小猫咪璐菲Lufee,1764899955,画渣一枚，多多包涵,什么时候上市啊？
马窑村小佐,628861161,呦呦呦,越来越肥了，老姐
Sunlit渐入佳境,1393992832,,绵羊好棒
要吃猪大肠,33692491,,@summoon-
梅妖没药没腰,191755188,It`s easier not to feel.,好久不见，胖子
客先生n,337508953,意见不同就是你对,美食区弹幕吐槽卡路里什么鬼？[疑惑]，我开10级弹幕屏蔽还看到奇怪发言
烟岚离箫,34884705,成为肥宅使我快乐,1000万冲鸭[打call][打call]
想吃年糕吖,400774649,,天啊，绵羊去开店吧，手残星人学不会[大哭]只能馋得直流口水
泼猴会武术,2661661,木得感情，杭州躺平,大姨越看越好看[藏狐]
晶体格,297140858,所以，不要停下来啊,预言一波，未来肯德基或者其他快餐店会复刻，不过是删减版[doge]
潇洒哥_jn,49736681,,"这个一定要举报了。[脱单doge]
太馋死了！ [大哭][大哭]"
Allthingya,1012905767,,看封面感觉大姨吃了个橡皮筋[tv_白眼]
骚包得用骚名字,375311222,我不管，我最帅，我是你们的小可爱~,现已加入德克士豪华午餐，新品价八折起！
也没有很帅吧,39611098,一条懒狗,离谱区UP主
银色_Coffee,12498661,真爱易逝,DOKI～DOKI～
桃桃我悟了,223150057,你的恶名，从幻想乡到乌兰托无人不知、无人不晓。,有惠灵顿牛排内味了()
归属感冒,626713997,,我忍不住了
_酒意__,388349333,我每天都开心喔,菠菜如果换成豆沙会不会更加好吃！！！！！[打call][打call]
象鼻de考拉,485597550,啦啦啦,绵羊一共说了十次赞，那我就点十下赞哈[偷笑]
至尊残殇,33423472,为艾尔而战！,我 吃不到!
浚小鱼,310850136,,还在苦等绵羊更新[doge]
单字为珩,329565762,一个从来没有在抽奖里中奖的选手c(RДQ)ノ,想吃想吃想吃想吃想吃！！！！！！
饿就忍忍吧等过几天,1989329700,杂食性嗑cp,下次一定[tv_坏笑]
捷克斯洛伐克k,348012485,哈哈哈,入口即化
伪暗a,455283507,热爱第五和原神,低情商 :没熟。 高情商:鸡肉好嫩[doge]
崽了你oi,112917371,秋天的美好，晚霞会告诉你,呜呜普通人做不成 失败一次就不想做了呜呜呜呜我太菜了
曾经有一只大鸡腿,14822902,向人诉苦，终究是白费力气,那么，在哪里才能买到呢？
楠芫芜荒,651519461,,在热门看到这条视频五六次  这次我怎么滴都要来看看到底是啥玩意这么火
双木非林小朋友,438902474,海的那边，是自由吗,[绵羊料理-1][绵羊料理-1][绵羊料理-1][绵羊料理-1][绵羊料理-1][绵羊料理-1][绵羊料理-1][绵羊料理-1][绵羊料理-1][绵羊料理-1][绵羊料理-1][绵羊料理-1]
一只沙雕的仆,407277745,一个懒人,10天？过期了[tv_目瞪口呆]
气馁的丧尸,702258693,,美食区有四个字的吗[doge]
戳戳璇,490417188,,量产吧，求求了！[大哭]
随便取-个名,471758601,,省流：把汉堡变成腿状物
依斯克拉-柯基,221047894,喵呜～独立游戏硬核制作柯基，《我与美丽朋友的葬礼》作者，早晚有一天会写出一本美丽的童话,"省流助手
1：芒果变油条
2：差点在锅里炸掉的手雷
3：样子能看，没熟，回炉重造
4：成功
5：双汇广告
退订请回复ТД"
小白熊不困了,423828295,,绵羊姐姐做失败的发给我们吧。让我们一起分担
wang-xp6869,298415477,,惠灵顿鸡腿？
瑞小阿,513614106,,我想买 给个链接吧！！！
欢欢绅士,520619167,手拿菜刀砍电线，一路火花带闪电！,下期预告：做入口即化的食品[doge]
杉本五十六,482150721,,入口即化
瓜皮狩,106310458,哼哼哼,柠檬塔预定[tv_坏笑]
大熊猫工具人,67873645,随便瞎玩,封面为啥吃橡皮筋[OK]
深蓝eden,286408080,,up要不要试试做洛杉矶牡蛎，我觉得中国就没几个人做过这道菜
别挖了要脸,94375907,,看这里看这里 买买买 赶紧量产
白果热牛奶,287495536,反正没人看，有时间有素材就更新,[绵羊料理-27]
宿湫霖,354766106,神秘神秘神秘,刚做完翻车了[笑哭][笑哭][笑哭]
阳光脆桃noami,442412718,,现在真的有面包店卖的，我在小红书看到了[藏狐]不过那个好像就是像鸡腿 没有鸡腿
沉沦于旧梦,339226476,你想van 游戏吗,出必买
冒险萌新非酋,628275804,,时间太长了，鸡腿都变质拉丝了[doge]
鬼灯蜗牛,630184065,,看着看着老子的嘴巴就张开了[捂脸]
TR~,589755007,,我裂开了啊
时光的疯狂摆烂,23876290,"for every action,there is an opposite reaction",大姨，你入口即化的柠檬挞什么时候做好[doge]
取什么名字好q,614467228,,我怀疑德克士的新品鸡腿就是效仿你的[doge]
逗川普,290819719,,痴[doge]
友人枫ww,490769837,天高散孤云,三句话让绵羊给我做了18只鸡腿。我是一个精通绵羊的男讲师，当绵羊做了一只鸡腿时，她“哈哈大笑”，所以胖羊很无趣。
唐雨霁,627365170,有被杀的觉悟，才有开枪的资格,啊啊啊在百度认识的绵羊，居然是b站大up
faxch,522976364,02,"不好意思打扰大家刷视频了！但是事关人命！请看看这个求求各位帮帮忙，不要出现下一个纪念号了
https://b23.tv/VABPxY   如果可以的话希望可以能让更多人看到，拜托大家了！"
潇影shade_of_you,396527688,您封尘的眼中一定有我向往的遥远星空吧，你的眼罩之下是我毕生追求的宇宙。,我也想吃，要不开个店...吸溜
安逸的阿逸,593993722,,说一句认真的，up长的好像我姐姐哦，真的，我发誓，看封面的时候我真的以为是我姐G，特别吃惊，点进来细看才发现不是
CryingLion,35869376,,你搁这做炸弹呢[doge]
小瑞瑞瑞瑞儿,76089796,,雨哥和你们那集太可爱了
冬至日Toji,518774992,"If we don't meet again, die well.",口音像长沙的啊 up湖南人吗
R呼哈,417394819,????,白天刷不到晚上跑不掉
威猛戴夫,26579112,,惠灵顿鸡腿
四夕洛寒,39816772,,大姨！！！！[大笑][大笑]，有考虑做一下绿豆糕试试吗？[鼓掌]那个黄龙的那个，以前的老味道找不到了，[委屈][委屈]
败北的汉堡,10684941,评论区知名UP主，峡谷区知名K头王，集帅气与智慧于一身的汉堡仔，一个什么都不会的全栈CV选手。,奖品肯定是我姨的！[doge]
第二兽提亚马特,4016735,谁看到了我家的金古了吗？？？,我们这边的鸡腿面包，连火腿都没有，只有豆沙馅的[不问天_大哭]
CUIEER_,299078765,hohoho~,虽然但是，王中王真的平价里算好吃的
豆沙友梨奈,98380983,2021惠州学院我来啦！加油！！,"【置顶】对不起对不起对不起和视频内容无关
希望您能重视并转发
开团冲美国德特里克堡生物实验室
链接：→https://b23.tv/KLXZ8s【转发】
如果打扰到大家我非常抱歉，但这真的是国家级别的重要的事 而且被雪藏还没多少人传播  谢谢大家能重视起来"
火星包他爹,481005688,,怎么不是bzzb[doge]
白羊查才艺,1759529296,,不是吧不是吧
羽翎猫,297590408,一只喵,[热词系列_三连]
独赏枫林晚,439019590,此生唯“依”，不离不弃,封面以为是个弹弓[热词系列_知识增加]
L自林间来,100476991,,救命凌晨三点，懂？
谁是我的掌上明猪,489201092,,想看绵羊做锅包又[doge][呲牙]
631co,1379961387,,"*你觉得这个稿件有什么问题？
 ○违法违禁
 ●我吃不到
 ○赌博诈骗
 ○血腥暴力
 ○人身攻击
 ○与站内其他视频撞车
 ○不良封面/标题
 ○转载/自制类型错误
 ○引战
 ○不能参加充电
 ○青少年不良信息
 ○有其他问题
为帮助审核人员更快处理，请补充转载来源等详细信息
多行文本框限400字
未选择任何文件
支持JPG／PNG等格式，最多上传 5 张
提交[傲娇][傲娇][傲娇]"
隽-临,470286536,墙角无人欣赏的花依旧盛开,大姨胖了
番茄邻居,1505033362,,180！
_蒙面人不蒙面,5749554,,在学习强国上看到了你，必须要来得瑟一下[doge][滑稽]
安2222222,1103141599,,评论
大昊汪汪,610953719,,这不就是个炸的外皮裹着菜泥跟肉吗 还要吐骨头[doge]
觅云,676704385,苏苏想吃饭呜呜呜，苏苏好想你啊,@萨比萌Sabimon 看看一开始那一个像不像你
UaremyLIGHT4ever,586951375,愿你一生努力一生被爱,这个UP好厉害，大家快来支持[热词系列_神仙UP]
不服就捶你,386350803,,所以在哪买
Ser-sir,307468632,Hi――,售，买，懂？[羞羞]
海绵拖把乐涩回收鸡,15552133,我是DJ懒羊羊，青青草原我最狂。,[]有一段时间了没看你视频，又胖了。。
鬼之狗熊,273189306,"Le vent se lève,il faut tenter de vivre.","以前，有一只秀丽的小绵羊，不仅美丽，咩声还好听，但，岁月是把杀猪刀，她现在已经可以做成最完美的烤羊了[妙啊]
哦～我是指大姨的技术[OK]但。
一语双关啊[doge]"
安遇与屿,22514645,秘密就像肿瘤，如果它被隔离，那就相安无事，；但如果开始扩散，就会致命。,这么多赞，充钱了吧[抠鼻]
小林蛙,383367572,,长得好像我前女友啊[藏狐]
MMyk-,479162647,,Ohhhhhhhhh好喜欢姐姐吖[惊喜]
W迪迦W,23381585,,我觉得可以试试香菜换成紫菜和海苔，这些比较现成，可以更好销售
@-R,1345695630,,爱了爱了，up说话腔调好像海皇（ky致歉）
T灬桑,1414252,码农生活好艰难,惠灵顿鸡腿[OK]
卖核弹的糯某,1810890757,会呼吸 爱吃番茄噢~~,"我是新粉[微笑][妙啊]
要是早就能认识绵羊就好了[大哭]"
无上真一,495819046,,大姨，我可以尝试一下投资你这个项目[doge][doge]
此帐号没被封禁,1545829506,,B站直接盖个小区给上海的百大up主住进去多好，那场景，一下楼，全是百大up主，多卷啊 [妙啊][藏狐]
咔咔诺,1826213,发出海豹的叫声，欧 欧 欧,为什么我大半夜在这里[笑哭]
法塔尔,381846340,,太太太太skr辣~
Amanha,663840113,,如果可以，我要娶你回家
rua一口呗,471096090,尽力过好每一天！,白天刷不到，晚上躲不掉系列……
丁丁小T,237303726,一个大摇大摆的人儿,上链接[doge][doge]
俞倾ではない,343069836,对魔法略知一二,这一个得卖三块钱吧[doge]
赤马免,13574041,And may the odds be  ever in you favor.,刚看完cctv2，求还原烧大方[嗑瓜子][嗑瓜子][嗑瓜子]
寒莫baba,431638204,,火腿很大 要忍一下[doge]
无情的讨饭机器潇潇邪,50030303,1551嘻嘻嘻,当场发给我对象让他做，结果他帮我点了取关[大哭][大哭][大哭]
樱花道上的千岁猫,336105550,,[小电视_笑]
指尖花落...,26206387,,10天不臭吗？[藏狐]
清华困难户,549334236,我的江南有雨，可落不到你的长安……,不知道的，还以为你在吃橡皮筋[tv_doge]
爱做家务的兔儿,617889751,,抗抑郁效果真的很棒
Saltedfish才沛,1753067496,,绵羊，教一教缸灿做阳间料理吧[doge]
尤黎阳威梦,499826838,"大爱city pop
绘画，音乐，肢态",西瓜吐司499
音,494865304,"学习草稿流中，原因是正经不会画
瞎吹葫芦丝，说话爱回车
偶尔发发神经，被人看到lo",饿啦！[洛天依_傲娇]
周而复始de春色,276970428,,我是瞎子，请问是在研究核武器吗？
帝君de茶杯,435864279,我永远喜欢胡桃,[绵羊料理-28]
郑元兴赵彦博,2087744607,,不要脸的绵羊
鸽子不想鸽子,515025065,啊,大姨，你上学习强国了[tv_斜眼笑]信不信？
白菜蘸可乐,398560782,"Le vent se lève,il faut tenter de vivre.",[绵羊料理-23]
想不出来随便打了,490955122,都没有中奖的可能性了捏,[绵羊料理-10]
woainiegg,418413493,,[绵羊料理-18]
打懵了呀,476111535,,"停，别继续往下划屏幕了，看看下面这行字

“你超棒！明天请继续加油！”

OK，可以划走啦
只是以防万一今天一整天都没有人夸夸你 
[给心心][给心心][给心心]
转的，偶尔看到这样的评论也不错不是么[脱单doge]"
摇篮儿bassinet,38937014,咸鱼。,[绵羊料理-4]看看表情包
跨界刘德鲁特具,630923234,666,"你觉得这个稿件有什么问题？
 ○违法违禁
 ●我吃不到
 ○色情低俗
 ○赌博诈骗
 ○血腥暴力
 ○人身攻击
 ○与站内其他视频撞车
 ○不良封面/标题
 ○转载/自制类型错误
 ○引战
 ○不能参加充电
 ○青少年不良信息
 ○有其他问题
为帮助审核人员更快处理，请补充转载来源I等详细信息
多行文本框限400字
未选择任何文件
支持JPG／PNG等格式，最多上传 5 张
提交[doge]"
10年老Acer,17902813,13年ACer来看看小将,热量爆炸
斯派罗斯蒂芬,39644294,,要是再加一层蛋皮那就更加完美！！！
绝不贪吃白D花,97546076,热血航线1088区，KoNoDIO哒，QQ海贼交流群301561055,[绵羊料理-14]
晚舟与鱼,146962169,,"我一口气抽了六次我都没中大姨[tv_思考]
[三木刃-26][三木刃-33][大祥哥来了-6][大祥哥来了-28][还有一天就放假了-33][黑猫厨房-30]"
我是若至,109118649,,这工伤有点明显了吧
静音0540,385875334,,换成卤鸡腿？
诗酒醉花荫,391558737,且将新火试新茶，诗酒趁年华。――苏轼,很明显，你胖了。
蓝敏洋_z,361349440,我是个好人,绵羊你可以收加盟费了[OK]
蓝敏洋_z,361349440,我是个好人,绵羊你可以收加盟费了[OK]
我的背景很假吗,607767853,天天中奖者,"*你觉得这个稿件有什么问题？
 ○违法违禁
 ●我吃不到
 ○赌博诈骗
 ○血腥暴力
 ○人身攻击
 ○与站内其他视频撞车
 ○不良封面/标题
 ○转载/自制类型错误
 ○引战
 ○不能参加充电
 ○青少年不良信息
 ○有其他问题
为帮助审核人员更快处理，请补充转载来源等详细信息
多行文本框限400字
未选择任何文件
支持JPG／PNG等格式，最多上传 5 张
提交"
屑割割她die,385303854,,20年火的不是窝窝头吗，一块钱四个的那个[doge]
不想再做小邋遢,391912707,,把菠菜变成海苔碎是不是更好吃
YasmKin,347865604,坏掉的钟一天也有两次是准的,本来三连了的，一看到觉得设计的包装好看就点个赞，我默默的把赞取消了…[doge]
孤傲の云,284593226,,up抱歉，打扰一下，兄弟们开团了[脱单doge]https://b23.tv/B2mhZh 
2023冲上580,652650935,我曹珂玮上580,绵羊越看越漂亮，做我女朋友吧[doge]
大梦初醒了吧,274946830,,为什么不考虑惠灵顿牛排的做法[微笑]
拖更王者杰尼君,29913303,合作去花火找我,狗蛋鉴定：惠灵顿鸡腿
绒么么d,317800677,,哈哈哈忽然想到，花10天做的鸡腿，入嘴的一瞬间：“臭了”[滑稽]
木鱼花のyu,412157848,我们大概率是因为同样的快乐而相遇。,[热词系列_三连]给了，请绵羊务必给我邮一个鸡腿大包[脱单doge]
八卦阴阳楼,95340296,,俩币奉上
莉莉达亚,289563232,肆意在网络上无缘攻击他人的人，生活一定都很不幸吧。,刚拔了智齿，我为什么要看这个[酸了][酸了]
猫帅帅Qiang,611112668,一切都没了・・・,恭喜绵羊777.7万粉丝
魑魅剑歌,324345614,互关互关,777.7w粉丝？
魔方程,476221436,快乐和健康,777.7万粉丝，大家别关注了，这样的数字我喜欢
硬币留给元子,476464291,,777.7万粉[tv_doge]
星绫unravel,512999025,臭打游戏的，给对面配专属bgm的是（鉴）,我两个币都投了还是馋……
柏舸,498266799,power,这封面乍一看，有点像 贾玲 。[doge]
吕俊灰,335202160,"所有发布动漫美图，来自大量各位网友推荐和分享，如有侵权请联系播主，下架该类型。个人QQ:2481506127
以上，有意者，可以QQ联系。",打卡。
一只白熊哇,651219367,,"三友相从盖为倾 ，
连云歌尽草纤纤 。
已枯半树风烟古 ，
留我十日风雨秋 。

望尽凝岚即此楼 ，
你意不能随我意 。
开襟五月似高秋 ，
心头有事不难知 。

不须沈水自然香 ，
瞒不过主腰胸带 。
你从前入道未是 ，
说英雄谁是英雄 。

你肯把清闲拯救 ，
是时兄弟正南北 。
真僧法号号僧伽 ，
短韵三篇皆丽绝 。

如何独得百丈索 ，
有人夺得玄珠饵 。
看是处春回柳眼 ，
到如今犹宿花阴 。

送春争得不殷勤 ，
我醉只知今夜月 。
上言二年隔烟水 ，
去年却下七里滩 。"
我才是纯酱油的,19993875,但愿这城市能带给你自信,如果我获了奖，就全不抽给你们[doge]
哼哼唧唧发帖尴尬,405879061,上高中了，继续咕咕Y(^_^)Y,"王中王，火腿肠，一节更比六节强
美食区，看绵羊，只学会了炸厨房
[doge]"
o色楚江,1643934249,:(,MD大半夜给我看饿了[辣眼睛]
朱古力soul,57278556,在沙雕边缘徘徊的人,只有我看中绵羊的衣服吗？求链接求求求
阿兵云原生,338737094,,一听就是弗兰人
2333_5,24559811,,毁掉6666个评论[doge][doge][doge]
捉光的人,44397023,恩。,真的好想吃这个啊，如果能买到就好了。
德发姓王,487196855,是小白不是小白,依稀记得上次切鸡用的是手术刀[翻白眼][笑哭]
隔壁班的小铭同学,622470279,bilibili某不知名up主（关注我的我会全部回关）,花14天等绵羊更新？打开视频的瞬间，值了！[doge]
面包牛奶臭豆腐,141242593,,想吃!!看着就好好吃!!!!如果开店卖肯定很多人买!
明日之徒,352444147,小小怪日大大怪将军,那么在哪里可以买到呢？[大笑]
久故梦歌谱,650635213,那一刻你心里有场海啸，可你静静站着，没有让任何人知道。,我终于知道你为什么这么多赞了。
等你等到,86733698,这个人懒死了,请问这个症状持续多久了
元阳十一鸭,200222794,,bzzb？
SW的小宇宙,43869384,,建议申请专利
BD_Mo,157545234,潦倒伪文青,惠灵顿鸡腿
合理者狂热,27247345,在暴躁和佛系之间流浪,把鸡肉换掉就是神作了[doge]
奶音丸子,24413539,,这个面包认真的，特别想吃啊！！！！但是自己做就废了…[捂脸][捂脸][捂脸]
哈喽我是恶魔老师,56589754,,我只想问问，这得多少钱一个？
番茄歪蛋面,388110993,,都成球了，休息一段时间吧[蛆音娘_滑稽]
烤物,381923898,,美食区有四个字的吗？
金符老师考试辅导,405330073,"你终于闪耀着了么，我旅途的终点
考研考公考编考证辅导
13248359826微信同号",好想尝尝绵羊的试验品
小浯有【秃芸砂,178980377,,https://b23.tv/BV1Xb4y1k714
橘猫猫老师,101298362,,造就了大姨的肥美脸圆。。。。。
白鹿不想哭,49955240,愿有很多人爱你，如果没有，希望你在寂寞中学会宽容。,"你觉得这个稿件有什么问题？
 ○违法违禁
 ●我吃不到
 ○低俗
 ○赌博诈骗
 ○血腥暴力
 ○人身攻击
 ○与站内其他视频撞车
 ○不良封面/标题
 ○转载/自制类型错误
 ○引战
 ○不能参加充电
 ○青少年不良信息
 ○有其他问题
为帮助审核人员更快处理，请补充转载来源等详细信息
多行文本框限400字
未选择任何文件
支持JPG／PNG等格式，最多上传 5 张
提交[热词系列_知识增加]"
狂暴羽毛笔组长,67907250,所谓的觉悟，就是在黑暗的荒野中，辟出一条前行的道路,BV13E411p7pu
萌猫の猪,415936636,猫猫好可爱,会做饭的人太幸福了
莱特Hyper,3359809,"综合区虚拟UP主,广东靓仔,偶尔更新各种视频,可能直播打游戏,希望各位小伙伴带我一起玩","淬不及防…让她恰…
这火腿买疯了，泡面必备神器"
慈父手里剑,1235234946,思考着能写什么,橡皮筋！大姨加了橡皮筋！/doge纯开玩笑，视频很用心已三连
Z棉栖红枣Z,697719780,,每个平台都看一遍！想吃！
什么值得买官方,21531733,分享每一种值,掐指一算，这个鸡腿面包不便宜
泥达叶丶,382633443,"你的笑
            永远是最美的风景",2019年干嘛去了[哦呼]
丶与我无关灬,418409417,,这项目我王多鱼投了
丶与我无关灬,418409417,,这项目我王多鱼投了
vountu,294323137,纵你阅人何其多，无人相似我,说句实话，如果一口不大口点咬到鸡肉，感觉不会太好吃[哦呼]
我就是冰雾行者,691328457,你是人吗？不是的话请别和我说话,说实话感觉就是寿司，……
小苗小苗小苗,295250823,大学牲，不定期更新生活日常,绵羊能不能不要太追求押韵了，我看前几个觉得你很有才，后来只觉得难受
今年一定能考上研,157540970,我想要说的，前人们都说过了。我想要做的，有钱人都做过了。,胖了
秋风舞人,14321163,秋舞，很咸。,哇，够酥，够酥。哈哈哈哈[辣眼睛]
蔡徐坤屮,300746389,,BZZB！
薛定谔_的_猫,393915118,,"打扰  开团了兄弟们！！！
https://b23.tv/KLXZ8s"
兜篼菌,231860022,营业范围：声卡设备售卖及调试。,我投了，这项目！
庵野秀明鸽S,30858051,长命百岁,花十六天等绵羊一次更新，看完的瞬间，值了！（[doge]
胖虎波比,78762,高富帅,我看视频前面就在想，这得用哪个牌子火腿肠才好，果不其然[妙啊][辣眼睛][辣眼睛][辣眼睛]
小柠檬2333333,274160479,,再次感叹，绵羊语文真好
丶之之堪笑丶,65028068,哲理的山路18弯 哲理siji死的惨,我艹，我真的好想吃真的好想吃我要哭了呜呜呜呜我不我就要闹嗷呜呜呜呜呜呜我要吃我要吃[大哭][大哭][大哭][大哭][大哭]
熊海彤是小狗,438973973,她是我的神明少女,羊羊真是又会做料理，文采又好[打call][打call]
我需要需要解除压力,28334283,谢谢你们这么好看还关注我。,内部受热肯定不好
泡沫〉幕,65808499,这个人不神秘，但还是没有写。,封面马丽[doge]
樱花坠ヘ,29757256,傲娇女王依旧在，八嘎han态无路赛！,做成了吃不起的样子，这一个起码那个五十以上吧[辣眼睛][辣眼睛]
可乐炸稽,84371728,"up QQ3242148569.  
nO 人.  эдO|   ！   
",鸡腿很大，你忍一下[doge]
-穆晓桐-,533723360,,鸡腿面包没有面包[doge]
他们喜欢叫我小代,349943595,不念过往，不畏将来。,换包装味道可千万别变啊。。从小吃到大的人表示我太爱这个味道了[藏狐]
账号已注销,1011232354,,"想吃想吃想吃
啊啊啊
呀咪呀咪呀咪
想吃想吃想吃"
独影倚阑珊,421780246,欲买桂花同载酒，终不似，少年游。,十块，交个朋友[doge][热词系列_妙啊]
Bydfans,335326015,奥利给造它就完了兄弟们。,象拔蚌 牛宝[吃瓜][吃瓜]
蔓越莓味饼干,345277248,,[绵羊料理-28]
化成光守护高木,515147561,,吴签[doge]
清蒸道长,7682765,无知不是罪恶，傲慢才是,这种工序跟用料，怕不是没50都回不了本，除非工厂做半成品，看个新鲜就行了，自己做了吃也成，真谈啥年销量怕不是底裤都得赔进去
QwQ柠檬好酸,411277290,,白天刷不到，晚上跑不掉
实_事_求_是,383040819,至少健全,拔牙
全都奥利给,85646724,你要永远快乐,是在做麻球的那期关注大姨的，焦虑的时候就看看你我真的很开心
两仪拈星,478065738,我有沙雕的人设和沙雕的脸,白天刷不到，晚上逃不掉[泠鸢yousa_沉默]看的饿死了
就是这个人吧,14741279,在我说这件事结束之后才算结束@-@！,我要用鸡腿大包，咬破皮抽出里面的猴皮筋，用嘴咬着打你们家玻璃[滑稽]
洛水言无,25540766,言,什么时候开店[doge]
将行J_xing,351786787,一个不知道还能做啥的up（考试已完，更新待恢复中）,为什么是现在给我推呀
_那一方青石,297264436,,大姨要不换种风格吧，吟唱听腻了[doge]
LONER--坷垃,21514625,qq1404035172。头像是恶搞不是本人。,马上333.3w播放了[吃瓜]
张麻子商洛分麻,357816172,该帐号封禁中,加什么菠菜，你们还吃同类吗？[doge]
开膛手杰克8,270470724,拥有！把握！坚持！突破！,湖南人？
xNova--,297104585,点关注，不迷路,哇塞，是面包诶，我超爱吃。[给心心][给心心][给心心]
配不配音的玖心粽子,108611465,无工作室签约配音演员，广播剧:《穿成病弱小师尊》《信仰》《怀曦》……,羡慕吗？晚上刷到的[doge][doge][doge]
世间百态的青羊,510374097,,好家伙.我看见1是加香菜，果断点了2，没想到2是多加香菜[难过][难过]
橙姿,2018000,,双汇的股票腰斩是不是因为机构们知道了绵羊给双汇火腿肠设计了新包装
babyeve,13433965,,求问烤箱品牌[脱单doge][脱单doge][脱单doge]
浮华脂粉终了梦,513358361,,"我这个暑假写的试卷or笔记张数
↓"
冰原矿工,96840262,这个人很懒，什么都没写,我小时候吃的就是纯面粉[辣眼睛]
萨拉热窝的羊,28141194,,你胖了
欲___雨,498718759,,花10天炸一只鸡腿？入嘴的瞬间，馊了！[妙啊][妙啊]
青苔が身につく,57797379,姐！控！+足！控！+病！娇！控！B站第一hentai，喜欢少女膝枕，最大的梦想是被姐姐抱在怀里摸头～,绵羊阿姨，我想做你的儿子，收下我好不好[小电视_害羞]
苍山流云,15006678,月如雪见  逍遥景天,要想办法把这个女人娶回家[羞羞][耍帅][鼓掌]
泠芊辞,425384517,拖更患者 全网同名 详见微博@泠芊辞,啊啊啊啊啊啊啊啊啊 好想吃[惊喜][惊喜][惊喜]
小小吹风机,13867208,NEED NOT TO KNOW！,设计好看！
海底的龙a,635639847,,1202年诺卡尔文学奖获得者――绵羊料理
82年啤酒商,27078968,,其实，我一开始就想到了鸡腿不煮熟的话可能榨不熟[捂脸][doge]
我以叫兽之名,291203038,,跟团了兄弟们https://b23.tv/tzUAK7
82年啤酒商,27078968,,相比菠菜，更喜欢青菜[doge]
Chalehc,131569594,,这个就是鸡腿堡[doge]
画画的北面,1276116143,,我最近很疲惫  很想一个人静静    麻烦各位临时退出b站可以吗
菲鸭菲呀,42898309,懒,为什么感觉阿姨胖了[doge]
看见我请_叫我去睡觉,517379378,微信号:laoshiyu233,步骤越简单的食物卖的越容易，毕竟这是个快时代[妙啊]
晓客爱喝咖啡,458227956,爱比恨更有力量。商业合作联系vx:xsr-hnr-1004粉丝互动QQ:3347068798(不高冷随聊),绵羊阿姨仿妆新恒结衣[打call][打call][打call]
银时银时gintoki,276949340,没啦没啦,绵阳能当我老婆么，我爱吃[微笑]
鹤武,502705815,啊哈！碧翠丝我们很像,你是在写作文吗[tv_思考][tv_思考][tv_思考]
海鹅莓,291798998,愿你能保持内心的平静,小心徐总给你做一份远方的鸡腿
海鹅莓,291798998,愿你能保持内心的平静,徐总给你点了个赞
清烟晨风,383056804,,看到双汇我自己滚[生气]
小霾吸,4226325,,这个女人炸东西的时候的表情好幸福啊。不是我看着我觉得幸福，是我觉得她幸福。是她的样子幸福
耶尔桑,9056466,`_>`,鸡腿风暴？
猥琐向天笑,121850,,15块一块我会买……哈哈哈，低配版就好
南京MDH邹医生,690235674,这什么啊?！,绵羊的视频质量好高
酋长不生气,522613754,,大鸡腿？拿来吧你
本物品请勿倒置,31050685,今天，夜里。我们将生一炉火在那大厅。我们将离开，我们将让火活着，为死去的人。,绵羊什么时候回归生存料理啊，太难了手残做不来啊呜呜
微暖易乱心,497054531,,花10天炸一只鸡腿？入口的瞬间，臭了[无语]
是小张同学鸭_金鱼,1557394291,,[热词系列_这次一定][热词系列_三连]
嘉星奶绿_,295180511,,这一口吃下去等于一个星期白练[嘉然_安详]
电影里的美妙时光,1237320491,,火腿对鸡腿说:word很大，你忍一下[微笑]
纷杂饺子,45063859,,"[妙啊][妙啊][妙啊][打call]
链接：→https://b23.tv/KLXZ8s"
A-choo-,66447494,Mi mais Vin！,妙啊[doge]
箱包卖家,1333053701,出售各种家居百货以及学习产品,能做牙签面吗？
MAX哈喽,1519539740,,不用客气，鼻子先吃～[OK]
SoliloquyZ呀,36790449,我什么都没有.,六级号白嫖一下不过分吧[藏狐]
SS6600,14611385,,请问一下浓盐水的原理是？
阿擀一点也不短,21172779,我 是 鸽 手 | 杂食性混剪阿婆主 ,妙啊！这文案！这拍摄！这剪辑！这制作！这厨艺！这用心！这创意！都好绝！！！[支持][支持][鸡腿][鸡腿][热词系列_你币有了][热词系列_吹爆][热词系列_好活][热词系列_三连]
向星空迈步,21795313,我的征途是星辰大海,建议开店[OK]
べ凉逸ミ,409218666,"这是夏天呢，这是发呆的季节。当夏天直直扑了个满怀
我以夏天问候你
祝福你",哪里能买
q角猫,173609189,,说像葫芦娃还是太保守了[doge]
你好小将,14389565,,在为什么吃橡皮筋[tv_doge]
首席大祭司,4349867,,封面好肥美（指鸡腿[doge]）
穿越亿万光年的寂寞,349856019,,将近800万粉丝是真的吓人。
Deepsea_深海小芋,443730986,念念不忘必有回响。,"不知道的朋友拜托关注一下[奋斗]
开团冲美国德特里克堡生物实验室了
链接：→https://b23.tv/KLXZ8s"
放假只想宅在家,690831549,,求各位帅哥美女帮我把点赞变成双数。[脱单doge]
这个B站用户有点东西,97323303,,双汇的父子不是打起来了吗
八苏君,673376209,噢耶,鸡腿大包?拿来吧你[doge][doge][doge]
无言泪,290234,暧昧很近，爱情很远,感觉不一定有手枪鸡腿好吃啊[doge]
我才是本体君,5136573,往后余生，谁对我好，我就拼了命的喜欢谁。,请问各位糯蟮男』锇椋那个浓盐水是怎么个比例来的，在哪期有讲解啊。
麦当自由者,497271659,下一站，彩虹海！,封面是马丽吗[大笑]
万事好运绝缘体,100702685,,大姨可以在明年BW的up主小镇量产这个呀[OK]
rubyskywalker,3170077,路人,试试复刻山姆会员店的牛肉卷吧[小电视_赞]
鲱鱼罐头工厂,41349970,散人,这一圈做下来，鸡腿都臭了[妙啊]
响亮的名字8983,290119783,,和P的风格不能说相似，简直是一模一样
响亮的名字8983,290119783,,和P的风格不能说相似，简直是一模一样
搞搞震吧,14525530,,《专业》
做他的小猫,1384140332,啥也不是,等下...塞？塞进去？
麦家二少,213317562,,浓盐水的制作视频是哪一个[藏狐]
芝大支,121785935,人间太值得，佛系凑日子！,点赞显得我没诚意，直接[热词系列_三连]
凌乱de喵,1485541,Biu biu biubiu,1年多没看绵羊的视频了，真的吃胖了[doge]
心声每日梦,384782999,"没人认识世界上最孤独的人
",押韵狂魔
每天都要开心的阿曦,510209808,你要悄悄变成学霸，然后惊艳所有人,"停，别继续往下划屏幕了，看看下面这行字

“你超棒！明天请继续加油！”

OK，可以划走啦
只是以防万一今天一整天都没有人夸夸你 
[给心心][给心心][给心心]"
鹤尹囚,455460669,身自在，如云如鹤；心怀民，故为尹囚,美食区有你，才真的了不起[脱单doge]
水蜜桃真可爱,448646209,,大姨越来越会玩了
根音战士海瑟薇,34079413,多一些了解总是好的。。。。。。,"鸡腿面包[再见]
枪式原子弹[OK]"
艺凝ing,1273868573,,双汇王中王，你猝不及防[doge]
金俊绵小豆包,329351708,"あ鸢尾绽放,一瓣心香,折刃不弃,纸质柔情.",视频不翻车就感觉没了意思[doge]
-PIN-,550920945,,怎么感觉少了点儿什么
月MoonCake41214,457886218,"YTl道月
拜大家多多支持
P注，收藏，投牛c
:-):-):-)",未看先猜[doge]复刻史上最棒炸鸡皮[doge]
不胖的王二胖,392809962,,居然没翻车，不科学啊
小陈-考研版,477890064,欢迎关注,事情好像还没有彻底定剧吧 等一切大局定了再说吧 永远站在哥哥坟边
冥刻千行,97041481,本人学生一枚・・・・・・・・・周更难做，但我是不会放弃的，还有一年两次的（带）大制作哦,[藏狐]
是D夜啊,6942114,你们二次元没有自己的网站吗????,鸡腿包→芒果包→榴莲包→一凡包
伊莱儿,12384978,嗑SC到神智不清,大姨怎么越来越像贾玲了[喜极而泣]
摸鱼快乐的ybb,171698979,、,我小时候的鸡腿面包里边是豆沙，而且特别便宜特别油（但是特别好吃！）[阴阳师缘结神_爱心发射][阴阳师缘结神_该结婚了]
Kimi妮-,366033096,人不犯我，我不犯人，人若犯我，必死无疑。,看着好想吃，
山旮旯里来的滑稽,388783786,,据说来的晚，就会来的晚[doge]
村头の枝花,1201101225,,鸡腿很大，我忍不住
云云云上--,308750186,,所以哪里能买到啊，馋死了
北丨极光丶,174778944,珍爱生命，远离主播,视屏还没看，请问这就是拿弹弓打玻璃吗？[热词系列_知识增加]
查a查,398440921,做个欧皇,兄弟们跟团：→https://b23.tv/KLXZ8s[doge]
不爱吃豆的豆豆,511834969,曾s牌幸运儿,"“听说人最渴望什么 就会在梦里梦见什么”

我昨天梦见绵羊料理更新了[doge][doge]"
蒙古上单gxj,1788343452,,终于更新了，我都刷到了2017年的[doge][doge][doge]
慢慢小西几,20544679,,绵羊设计得包装土洋土洋的[doge]
坐在金银堆上的小貔犰,478902765,如果你因失去太阳而流泪，那么你也将失去群星,大姨大姨我饿了
未墨途,148179490,,封面第一眼看成了皮筋儿[妙啊]
希之东,666955414,我很懒，啥都没打（真）,烤全羊！
惠达卫浴,626779584,每次停留，都是享受！,忙碌了10天掉的肉，一口就都给补回来了[doge]
我是大帅NNNN,698762031,,你的设计如果真获得奖了，那这个品牌估计要拉倒了
事猹叶不是茶叶,1922099414,游荡在评论区的野生猹叶，仅闰土可捕捉,"下客惭长颖
次论月蚀诗
一言发白兽
定欲唤晴雨
[吃瓜][吃瓜][吃瓜][吃瓜]"
路飞叫什么-,182188607,,绵羊也没有提吴签相关的东西吧，干嘛还要刷梗
labo_ELkO,351129071,一个大白,失败乃成功之母
以后的我会记得以前的我吗,139295817,,是橡皮筋！我放了橡皮筋！
艾伦翌格尔,398611967,,花十天炸一鸡腿，入嘴的瞬间，馊了！
剑剑剑心,310168554,,看我动态转发
小破站的你好可爱,384310915,拓海 你的AE86能上树吗？,"我就直说吧 我不喜欢你这个up 
因为你太大了 
我忍不了[脱单doge]"
爱去佛,327341058,,"2021年,我拉的大包卖到脱销[doge]"
仔仔是个小猫咪,25607535,让我康康谁来辽,我愿意替大姨承受工伤[妙啊]可以代吃
大劳模,98617830,,你胖了
冰弱凉,8308711,破防,这个封面好像弹弓啊，大姨拿嘴弹弹弓[笑哭][笑哭][笑哭][笑哭]
kvtaekook,666725536,,救命真的好想吃
S_K_S,85359472,,兄弟们，听说过汉堡吗[doge][doge]
黑龙49,161127267,"你在看我对吧！
不定期直播，杂货区军迷up，手工，游戏，生活，想到什么更什么，万粉性转，不如留个关注再走呗～～",想吃，但郑州现在啥都吃不到[大哭]
jyuexz0,32672828,,又来听大姨扯淡了[吃瓜][吃瓜][doge]
餮麟,350736812,我，餮麟，在此发誓，以后我要再看虚拟主播，我把我名字倒过来写，然后从十八楼跳下去,"第一次看封面
这人鸡腿里咋有皮筋，她为啥吃皮筋[疑惑][疑惑]"
飞车大猪蹄,174072045,1234,把孩子饿着了[傲娇][傲娇][傲娇]  [大哭]
饭桶Cc,91286940,,大晚上的我饿啦
打火石也是漂泊者,129871855,愿温柔能令你开心。吾多能鄙事，总有你喜欢的，点个关注吧。 TJU建筑在读  lofter/爱发电：打火石,大姨居然还做了包装盒？看起来就很像那么回事儿了，建议量产这面包我肯定买
打火石也是漂泊者,129871855,愿温柔能令你开心。吾多能鄙事，总有你喜欢的，点个关注吧。 TJU建筑在读  lofter/爱发电：打火石,大姨居然还做了包装盒？看起来就很像那么回事儿了，建议量产这面包我肯定买
Nikola_薏仁_Miaow,8561358,https://account.bilibili.com/acc你要去斯卡布罗集市吗？那里有香菜 茼蒿 野水芹和折耳根。,惠灵顿鸡腿！
梵冰墨白,220710959,,抽给我们有什么用，还不是中不到奖
一本正经地胡说霸道,14860893,,我深夜看这个我真是遭罪[笑哭]
木吉的木吉,645926757,,绵羊终于更新了啊！！！！！！！！！！！！！
黑暗摸鱼王,8033774,脑洞是生产力之父,我学会了，现在就去物色店面。
快加入猫猫神教,28189846,"多人共号，至少六个人在用。
如果有不良发言建议直接举报，或者私信我去删除。",你倒是给我鸡腿的售卖链接啊[大哭]
小蝌蚪奇遇记,53748788,,完了，这人不但喝多了，还吃了盒头孢，叫不醒了[惊讶]
油油椰酥饼,9620623,鬯伎嫉呐流氓,绵羊 绵羊 想知道浓盐水怎么泡鸡腿？
好的网名真难起,496658249,白嫖就很快乐,凡人们，快把我想象成热评[doge][doge]
花花儿m,43948926,,求助，姐姐被困京广路，发朋友圈求助，现在联系不上。原文：“最后百分之1的电了，京广路隧道水深最高两米，来救我们，前边还有车里被困的人。车都飘走了。求扩散。求扩散
GraveKitty_,592033681,平常打PVP不会用全力,我的火腿很大，鸡腿你要忍着点
屋檐下的布偶猫,34657521,,做个牙签肉？？？？
斜夕晚秋,284961613,,不知我是否还有机会[大哭][大哭]
百白瓢,8143914,,劳资买不起[藏狐]
甘露寺觅梨,352331042,,我寻思没有这恰饭，我也照样经常买火腿肠哈，设计包装什么的还是算了一窍不通
山色水声花去燕来,392763235,时间，可以了解爱情，可以证明爱情，也可以推翻爱情,绵阳胖了。也出现老像了。不科学啊。
鸪,434703958,"
太阳照常升起，也许我们会消失，但我们热爱的许多事物将得到延续",牛皮，吹爆[洛天依_goodjob][洛天依_goodjob]
罗德岛建设兵团,1218592473,祖国统一！！！,"up
――――――(对称轴)[OK]
nb"
土豆F牛腩,502268510,一只没有梦想的咸鱼_(:з」∠)_,@砍特伯雷公主求鸡腿 [鸡腿][鸡腿][鸡腿][鸡腿][鸡腿][鸡腿][鸡腿][鸡腿][鸡腿][鸡腿]
康纳kobayashi,157219587,,呜呜呜我也想吃
kZZT,440754670,游戏/摄像up   500px账号名称：kzzt,来了来了[热词系列_妙啊][热词系列_吹爆]
小雪提督,17529641,,zhe就是惠灵顿鸡腿[doge]
西瓜味的白菜,518320075,RV_IU,大姨大姨做一道新疆料理吧，都没做过呢[星星眼][星星眼][星星眼][星星眼][星星眼]
叁岁只有三岁,510289763,总有一天我要把所有打错我名字的人全杀了,四小时了，放烤箱里热一热[doge]
羽杰鑫,177215120,,开始直接一键[热词系列_三连]快夸我夸我
UareUwill,13602885,认证信息：B站不知名皮系UP主,多久开卖好想吃[脱单doge]
在下小商,200348038,你才懒呢,三小时！！
你瞧这哪有花呀,37252443,真实,天天封面都能看到你
不染111,114585674,,全是脂肪[滑稽]
樱凉是个摄影师,4931169,,本期白嫖的人数↓
西邻气象卫星,130843401,磕CP使我上头,绵羊就这么把专利送给大家了吗[doge][doge]
雅雅是贺太太,3081120,今天追星 明天不一定,可以和迪士尼合作吗 120一个还能吃饱[doge][doge][doge]
雨墨旅呦,1434898991,,心心念念的绵阳中午更新了
肘丨跟我进屋,11406085,我永远喜欢柯基,2个币入股了
戈壁家的老王,172485675,？？？？？？？？？？？？？？,不懂就问，封面上是在吃橡皮筋吗?[doge][doge][doge]
培景,459535,,这次的广告真的是猝不及防，一点征兆都没有[笑哭]
RY哈哈哈,1563773071,野球花里胡哨界的一缕清流,双汇王中王―猝不及防[doge]
找龙龙的,455078775,,我为什么要晚上11点半看
茂名小叮当,28671851,总该向上吧,说双汇被收购的请拿出证据
Morning-Panda,1307225,随着时间，渊博了！随着生活，计较了，成长了！,热量手榴弹。。。[藏狐]
超级月亮不超级,44471045,会一直等你.,嚯 三小时前 真好[doge]
毒女乃色,4720520,#39C5BB,肥羊料理
可莉不晓得呀,400340232,,想娶个这样的女人，MD！[脱单doge]
村下朽木,12239590,abc,一般来说食品行业没有100%以上的利润没法保证发展，41的成本怎么说也得卖100左右，如果店面不打算做大而且有资金或者渠道的话，主打这种单品的快餐店定价可以拉低到80，量上来了还能再低。（瞎几把猜，因为其他因素很多），另外，大姨nb[2021拜年纪_棒][2021拜年纪_棒][2021拜年纪_棒]
某不愿透露姓名人士咯,520464462,我不管，点进来的都是沙雕吧……,"三句话让观众为我点了18万赞[doge][doge]
1、白嫖
2、白嫖
3、白嫖"
朝如青丝暮成snow,114256940,0.0,我想问一下，减脂期间可以把鸡胸肉用浓盐水腌制不
东启星,23940094,起步目标（710/1000）,好家伙，吃一个得胖多少斤[doge]
扶朕起来朕还能剪,18665412,愿此时平淡，若彼时灿烂,姨姨 饿饿 喂喂
墨璃云叶,3916225,咸鱼！蔡！主播！,说实话，我觉得量产不行，但是作为餐厅单品可以卖
物理老师不延时,498910425,保持良好心态，接受生活的洗礼,我的赞很大，你要忍一下[脱单doge]
於枫YF,154254731,噗哈哈哈哈哈哈,火腿肠，我何德何能
花落惜梦_,239827584,保持自我，完善自我。,绵羊的工伤又严重啦[妙啊]
东风高中,331486494,砺志励学，立德立人。,绵羊，什么时候能拉到我们食堂来卖啊[跪了]
A止,397221284,,"你觉得这个稿件有什么问题？
○违法违禁
●我吃不到
○低俗
○赌博诈骗
○血腥暴力
○人身攻击
○与站内其他视频撞车
○不良封面/标题
○转载/自制类型错误
○引战
○不能参加充电
○青少年不良信息
○有其他问题"
A止,397221284,,"你觉得这个稿件有什么问题？
○违法违禁
●我吃不到
○低俗
○赌博诈骗
○血腥暴力
○人身攻击
○与站内其他视频撞车
○不良封面/标题
○转载/自制类型错误
○引战
○不能参加充电
○青少年不良信息
○有其他问题"
实_事_求_是,383040819,至少健全,拔 牙
Herrator,313044341,目标是成为知名动漫UP主，偶尔整个活,[绵羊料理-8]
深心劫,374331575,不要害怕自己的不一样，正是它们才把你变得闪光????,2小时前[doge][doge]
周末零作业,321800589,+fps_max 90,把大姨看成贾玲的我有救吗？
微风轻轻飘啊,3573455,,@肯德基 懂?
机动特遣队-01,2292093,前面的d级 站住！,好了。现在这是我的菜了[doge] 卖多少钱好呢
禾木苗,15145140,布谷鸟,个人意见觉得这个不适合量产 一是成本过高 二是步骤复杂难以工业化生产 就是脱骨这步就够消耗人力物力了
从心而梦,397340380,爱是危诺宁,这个项目我投了
艾利克斯阳光,250572791,,于敏型鸡腿
帮帮白@冲浪手册,435210225,新的一年欧气满满！,哇 这就是大姨的原创料理吗[鼓掌]
MS.Winds,861345,"Be water, my friend.",这衣服远看和深圳女生校服一样[吃瓜][吃瓜]
风中蟾蜍丶,526240632,无数巧合与命运交织的！最后的！唯一的！真相！,比起鸡腿，我更喜欢吃羊腿[绵羊料理-3]
我就叫这个吧呱坤,403617155,名字里有坤不是蔡徐坤粉丝，别tm秀你的袖珍大脑了。,大姨视频做的越来越好啦[打call][打call][打call]
干物妹宝贝,167482098,一个很随便的人,还以为时间轴都是up复刻过的 刚想说好棒[妙啊]
nemochina,3539316,"知道脑洞和脑子有坑的区别吗？
脑洞可是贯穿伤啊！！！","大姨大姨，能不能用现在的风格去复刻16年的绵羊料理？
或者用那时候的风格做一期新题材也可以。
突然觉得那时候的绵羊好温柔，不知不觉间我关注的up竟然变化如此之大。"
Ry就是我,347173780,,建议量产[鸡腿][鸡腿][鸡腿]
非酋醺,174523063,劝人者最需听人劝,"打扰了。
https://b23.tv/HiC3l5
环球日报链接，联名彻查美国实验室，保存图片到微信QQ扫码即可。
不喜请忽略。"
Twinkly晚星,89608162,,大姨做料理一直可以的 所以下次一定[藏狐][doge][OK]
刚刚在这里,15606632,,"开团冲漂亮国德特里克堡生物实验室了
链接→https://b23.tv/KLXZ8s"
深玉子禾,1064197434,,大姨，B站进来时的封面是你诶
青山枕上,32763234,不带敌意的坚决，不含诱惑的深情。,总结:还是炸鸡腿好吃[吃瓜]
想改名字但不晓得改啥,27016144,,馋死我了[热词系列_不愧是你]
再也不吃了k,17368970,,？一时间以为是我们糊糊万的《鸡腿风暴》
Dear-迪欢欢,687834345,"
2022高考顺利！！！
",大大大大大大大姨，热量警告[微笑]
君子皎月,43582829,,哈？你还知道回来？你知道我等了多少年？[小绿和小蓝_捂脸]
-你在说啥呢-,494928049,哈哈,我为啥要在晚上点开这个视频啊啊啊啊啊啊啊啊！！！
Pinkie是魔法,439328125,一个不知道属于哪个区的up,一小时的绵羊，热热还能吃[doge][藏狐]
壹一喵,12628379,,双汇:    人家要抽10头猪送货上门，你们格局小了哈
金翅鹏王大人的狗,557716759,夏虫不可语冰，井蛙不可语海，匹夫不可语道,是鸡腿，但又不是鸡腿[妙啊]
FloatK,230433772,,原来这期是单汇食品的广告啊，懂的都懂
瓜瓜哇咔咔,594463265,,空降05.08[doge]
李埃特,240581749,,9.9包邮解君愁
Passion_Ay,42378771,,@dgwhxvshakxh
再鲨鲨我就叨了你,297073584,,大姨大姨，拿来吧你
-欢沐-,630942128,正经女巫,道理我都懂，但为啥要在晚上更新[无语][doge]
十一级特工,99232799,我zou似个弟弟啊～,饿了饿了饿了饿了饿了饿了饿了饿了饿了饿了饿了饿了饿了饿了饿了饿了饿了饿了饿了饿了饿了饿了饿了饿了饿了饿了饿了饿了饿了饿了饿了饿了饿了饿了饿了饿了饿了饿了饿了饿了饿了饿了饿了饿了饿了饿了饿了饿了饿了饿了饿了饿了饿了饿了
Spike的青椒没有肉丝,10874513,ACG狂魔,怎么怎么像深圳校服啊
我的天天555,106428360,,绵羊有没团队呀
瑰墨归默0v0,28505569,天雷xz、韩国、边江、乔诗语、光夜、光毛、水产等,我点进来想起封面回去又看了一次，怎么大姨越活越年轻了，这个样子好像张子枫妹妹啊[喜极而泣]
San场,224679014,San场永不散场！！！,[绵羊料理-3][绵羊料理-18][绵羊料理-18][绵羊料理-3][绵羊料理-18][绵羊料理-3][绵羊料理-3][绵羊料理-18]
旭日无痕空寂星辰,41741618,,可恶，这明明就是炸鸡腿！[doge]
Ruanyit,12938244,啥都喜欢的up,想吃
喻御鱼,172840088,这个人很神秘，什么都没有写,看着好棒[喜欢]
栀之智,660961908,2022年中考选手,"你觉得这个稿件有什么问题？
 ○违法违禁
 ●我吃不到！！！！
 ○赌博诈骗
 ○血腥暴力
 ○人身攻击
 ○与站内其他视频撞车
 ○不良封面/标题
 ○转载/自制类型错误
 ○引战
 ○不能参加充电
 ○青少年不良信息
 ○有其他问题
为帮助审核人员更快处理，请补充转载来源等详细信息
多行文本框限400字
未选择任何文件
支持JPG／PNG等格式，最多上传 5 张
提交[傲娇][傲娇][傲娇]"
痴痴的一天,335112856,,绵羊胖了好多[脱单doge]
假面纯牛奶,4801556,,好！鸡肉版惠灵顿牛排出来了
穿彩虹衣的L间SX,421052561,你喜欢粉红色香槟，我问你有喜欢过一个不爱你的人,我的赞很大，点的时候你要忍一下
酸涩的柠檬君,348074867,一个爱打游戏的小肥宅啊～QwQ（不定期更新嘻嘻嘻）,啊。。。想吃[哭泣]
湖北东契奇,578504550,无与伦比,"开团冲美国德特里克堡生物实验室了
链接：→https://b23.tv/KLXZ8s"
观若明火,7912110,啊这,看弹幕问成本多少？不知道，但应该挺沉的。
onlyjustinmy,60407912,航海王 宝可梦毛绒 泡泡玛特 PTCG宝可梦卡牌 Be@rbick 收藏者/两爬类爱好者！不定期更新手办开箱 潮玩卡牌开盒 两爬日常,成华大道排到二仙桥？成都人民表示你开过来呀[doge]
爱吃酥的鲸~,374626996,驽马十驾，功在不舍,绵羊料理姐姐[热词系列_吹爆][热词系列_吹爆][热词系列_吹爆]
因穹,563108480,祝悠   穹幸福,[热词系列_热乎][热词系列_打卡]
铁头大猫熊,437676765,,大晚上阿姨你给我整饿了[大哭][大哭][大哭]TnT
无聊的三明,24829588,这个人绝对是懒死了，真就什么都没有写！（@_@）,快上市！想吃！
小红书App,457235238,日常忘记切号 ,别人是下饭视频，大姨是干饭视频[脱单doge]
慵懒的瓜子菌,381896430,,up好厉害，感觉这个真的能成为一款爆款[星星眼]
AutoEggBrowned,1241993538,,我三连了！！！！！！
请叫我千鹤学姐,378870655,"【分享日常/喜欢拍一些高饱和的日常风景】
玩：LOL(端游)、LOL(手游)、Q飞和摩尔已退游",火腿肠：我何德何能[热词系列_知识增加]
bili_1594878,489932640,2020，我来啦，希望我们在2020都能开心！,听到浓盐水的那一刻，我就想起了史上最棒炸鸡皮
不分哈G旮旯,294376721,,好像胖了好多好多
旧车站新车子,102532729,,已加入金拱门豪华宵夜套餐！[藏狐][藏狐][藏狐][doge][doge][doge][doge]
红烧刹车盘,14460913,专治B站杠精,16年开始关注绵羊，亲眼见证了新恒结衣变成贾玲[doge]
何处觅功名,497260184,,尽快上架，我要吃，不要不识抬举，否则我就跪下求你[doge]
雨寒の辰月,366880864,,我不喜欢吃香菜也不喜欢吃菠菜，就喜欢吃韭菜[笑哭]
是你的彤彤ya,439282882,努力才能变得优秀.,真的可以买到吗
柒瓶麦穗,473006358,神になる!（红眼特效）,封面好像马丽呀哈哈哈哈哈[热词系列_妙啊]
乌漆麻黑鸦鸦,398345362,,多希望这是个广告[难过][难过][难过]
芝川玉,7934973,零级普通(不难看~不漂亮)，一级漂亮(漂亮~非常漂亮)，二级惊艳(艳惊四方~宛若天仙)，三级灭世(此颜不应存世)，负一级丑，负二级灭神。,"这个创新鸡腿。
我给2.5分。（满分5，单位美味程度）。
广告的香肠，
2.6分。"
眼镜八号,24284915,嘿嘿嘿,头一次希望这是恰饭[笑哭]
玺伍,2015650897,,下次一定
账号已注销,1700929508,,"火腿肠，现在变成了鸡肉的。
就再也没有买过了。"
枫听叶落,255773164,,那为什么不吃炸鸡呢[吃瓜]
陆沧海,170090545,天行震，君子存恐惧以修省,能上淘宝卖这款面包吗，我的口水忍不住了[妙啊][妙啊][妙啊]
橘猫猫老师,101298362,,大姨越来越肥啦……
夜中有影名为帝,7962499,寄,已加入肯德基套餐。
却将浓墨点栖乌,43805474,哦吼？！哦豁~！,我吃不到！我吃不到！！！！！！！！
\尝折,545402160,,"举报视频
您觉得这个视频的问题是：
1.我吃不到
2.不是我吃
3.我想吃
                        提交
[doge]"
拒绝焦虑哈,434415744,,一小时七十万播放量！顶流了属实是
今天依旧想睡少爷,1447330158,想一出是一出,这个一键三连我投了，算是我请大家的[脱单doge]
非个酋长,412377194,,这个工序应该量产不了吧
袁真人,5491183,,抽奖无所谓，我是真想看你设计的那个包装被采用[喜极而泣]
会饿的小鱼干,12920624,游戏狂不睡.,鸡腿里有橡皮筋？[笑哭][笑哭][笑哭]
改个名字也许会欧,179613010,最美好的总在不经意间出现。,大姨终于更新了
月殇灵,10320580,,可以做到量产的话，说不定真的会是新网红食品
酋长听话咱们回家,413354998,崩崩崩编剧，你睡得着吗?我睡不着！,这猫砂那里买的，竟然能拉丝[脱单doge]
-o-,400740043,,刚吃完烧烤丝毫不饿[大笑]
啪唧丶丶,676040112,,我的币很大，可以忍一下再投[脱单doge][脱单doge]
上娜招,25394622,b站非著名抽奖区up主,还以为我啥时候关注了个初中生[妙啊]这衣服太像校服了，这绵羊太像初中生了
无路赛ぃ,30480496,"音无结弦之时，悦动天使之心。
立于浮华之世，奏响天籁之音。","大姨家的芝士马苏里拉
大姨做的料理翻车现场
大姨的口头禅再来一次
大姨做的鸡腿又香又脆
大姨的小脸日益见圆
姨见三连[藏狐]"
苏野不伤心,284991591,,绵羊有对象吗？给你介绍一个呀
-木-,6907675,这人是条懒狗~~~,封面我以为大姨穿着深圳校服[微笑]
鳗鱼鳗鱼我要微辣,15038919,2015-09-29 12:56入站 全世界无产阶级联合起来,现已加入肯德基全家桶[doge]
洛艽艽艽,401898417,"原耽.阴阳怪气.蛇院.227
伪腐.虾爬子别找不痛快，不吃安利","这次鸡腿不得了，不是a货是改造
次次翻车做不好，可是做完真奇妙
一撕爆汁还拉丝，能让观众超想吃
定住口水和三连，滴滴绵羊笑开颜
[doge][doge][doge]"
小王同学在举手,1130013294,一个路过的小UP主,你还是爱翻评论啊，彦祖[脱单doge]
初乎草庭,385334598,萌新路过，多多关照!,我上一次看到这个视频的时候还是我上一次看到这个视频的时候
小班豆,361795326,"我溜了，有事加q
1185251647
成长很漫长，也很快乐",棉羊好好休息吧，自从关注你，你变得越来越憔悴了 当时你只要几千粉丝 但是你很健康，你现在百万，希望你可以给自己一个健康
叶大师在此,439984224,就是喜欢乒乓球，就是爱收集资源，就是要关注比赛细节。一个爱做集锦的乒乓球UP主。,大姨，你这鸡腿保熟吗[doge]
枫林顾南,9350764,迷离在多重次元的交响曲,[阴险]吃着双汇看的这视频怎么说
坂,472376351,要是可以一直睡着就好了,大晚上的给我看饿了[辣眼睛]
霜间雪关扉,455684256,听君一席话，如听一席话,我希望在成华大道看到这个[doge]
芥末上头了,109647092,想见识一下永恒。,终究是圆了[doge]
洛艽艽艽,401898417,"原耽.阴阳怪气.蛇院.227
伪腐.虾爬子别找不痛快，不吃安利",弹弓好吃吗阿姨[doge][doge]
洛艽艽艽,401898417,"原耽.阴阳怪气.蛇院.227
伪腐.虾爬子别找不痛快，不吃安利",求求不要玩牙签梗了，又影响观感又把这事儿娱乐化[呆]
小柳好困o,1425367722,是女孩子 找骂我奉陪 xsr滚,啊~完美啊~你的名字是绵羊料理~[doge]
酸菜鱼拌面,343803716,,封面是在吃皮筋吗？
洛艽艽艽,401898417,"原耽.阴阳怪气.蛇院.227
伪腐.虾爬子别找不痛快，不吃安利",刚开始看封面还以为大姨在吃弹弓[笑哭][笑哭]
歪了个歪歪呀,438432595,日常犯病，XXXXX????,有一段时间没看到大姨了，刚刚偶然在首页看到视频封面的时候心想：大姨账号被盗了？[疑惑][疑惑]
小黑兔梦轩,267979492,海的尽头吻不到天，伸出双手也够不到星辰,视频我已经投过币了，大家放心看，不用投了，这顿我请[doge][doge][doge]
小黑兔梦轩,267979492,海的尽头吻不到天，伸出双手也够不到星辰,视频我已经投过币了，大家放心看，不用投了，这顿我请[doge][doge][doge]
狸想签百亿,32598870,,这个做出来商家直接亏本[doge][嗑瓜子]
大锁罗亚斯,47017813,凉驳，不致太寡...,[OK]王多鱼投了
一个炭,352626690,这个人懒死了，什么都没有写(￣幔),啊大姨，我今天拉了大便啊，是什么大便呢，是想你一遍又一遍啊[捂眼][doge]
麦克尔-尼古拉斯-赵四,491547313,第三八个蛋       败者食尘,省流，王中王，火腿肠，一节更比六节强
六号技,40042380,望有生之年能得睿总俩枚硬币,面包里放香菜，香菜也喜欢吸面包这波双赢呀[doge]
becareful-bixxh,1586849287,????,前排前排前排[热词系列_你可真星]第一次。 [藏狐]
莫理M,2131979252,,这太好吃啦，绵羊好有创意芜湖！加油
一只小灰锅,645885595,3G极速冲浪中,原来你动态里那坨是鸡腿[藏狐]
风吹今麦浪,453038848,柳枝打了几个太轻柔的摆～,封面是谁把up咬拉丝了[热词系列_好家伙]
乱码NKOE,383188174,别管我，别烦我,救命！我饿的睡不着觉[]
重度重度中二病患者,34322876,？？？,考古回来了，发现以前的大姨好温柔
一只小灰锅,645885595,3G极速冲浪中,哈哈哈，好喜欢绵羊[脱单doge]
鱼鱼与尾,297526608,"我们来自沼泽
我们奋不顾身",乱开黄腔，棺材反光[热词系列_递话筒]
太空阅读笔记,634209041,,大姨好瘦！[脱单doge]
乐乐的桃色可乐,1976362601,,呦～热乎的绵羊诶[热词系列_有生之年]
李诺不放弃,549659168,NCTDREAM,开头的线突然想到了时光刀理人[大哭][大哭][大哭]
老壁灯666,435357547,,啊啊啊啊啊啊更新了[doge]
常州张学友,352763210,美女剑豪带着肉来了,美食博主家真的是什么都有呢[doge]
FaDedreaM,634814541,,太好看了 能不能用羊腿做一个
SeeleClover,151212157,这个故事充满活力，千变万化，永垂不朽。,不如当作舰长礼物？！[OK]
晓曦Dawn,502795876,这个人不懒，还打了几个字,等10天看一只鸡腿？看的瞬间，值了[doge]
爱摸鱼的徐才彬,279625845,江苏三才之首。诗号：十年磨一剑，霜刃未曾试。今世泪墨书，则声不平事。求关注点赞感谢。qwq。加Q群641098755。Q群536374117,老阿姨。[doge][C酱_啊这][C酱_一般][C酱_一般][C酱_一般][C酱_一般]
爱吃韩料的佳佳子,549751289,拖～～～延症重度患者,终于等到啦[给心心]
爱摸鱼的徐才彬,279625845,江苏三才之首。诗号：十年磨一剑，霜刃未曾试。今世泪墨书，则声不平事。求关注点赞感谢。qwq。加Q群641098755。Q群536374117,[C酱_一般][C酱_一般][C酱_一般][C酱_一般]
沙滩的橘猫,61980610,,增加脂肪的方法出新招了
-阿-波-罗-,471077688,所有宇宙星神视频的专区会出现在收藏中哦，如果喜欢我的视频一定不要忘了关注我哦。,美食博主家真是什么都有呢[doge][doge][doge]
彬酱世无双,1624144900,不可听闻，不可名状，不可直视，不可理解！,看封面我以为是马丽入驻b站了[热词系列_知识增加]
小文头真不大,415414748,,现在骂吴亦凡晚了吗 [doge]
赣TG,501945550,这个人很聪明，什么都没有写。,"省流大师为您指路
  6:00"
小赛几,637886964,,@双汇 [脱单doge][脱单doge]
胖斧同学,629181044,,让我康康是哪个伞兵上了热评[doge][doge][doge]
XMJL,146654262,,大姨。小心肉肉啊[doge]
秋枫沐月,502598428,纯路人,我想吃绵羊[傲娇]
future村长,1373461632,我是萌新，请多多指教。,我已经投过币了，大家随便看不用客气，不用投了，算我请大家的[妙啊]
烧烧冲冲冲,108881370,,[酸了]好饿
联想拯救者官方,351899011,拯救者Y70正装野兽：低调家族颜值，强劲祖传性能,好家伙，真的能拉这么长吗[藏狐]
sybillll_,2012167807,,绵羊绵羊你好会拉呀！
木木木木查查,31035820,这个人懒写了什么都没死,发家致富是做不到了，发福倒是很简单[吃瓜]
赣TG,501945550,这个人很聪明，什么都没有写。,"鸡腿包看起来也太香了吧！[星星眼]
不过学会是不可能的[嗑瓜子]"
我系呱太桑,181947745,,为什么大姨长得和八云兔越来越像了[doge]
鲸落于海あ,523244161,,"2019(=^^=)
2020(=^  ^=)
2021(=^    ^=)
[doge][doge][doge]"
破晓qx,1940796763,是只鸽子，随缘更新,好耶！更新了
n个硬币-,624950820,这是个性签名,咦？姨！姨！（语无伦次）[脱单doge]
犯罪嫌疑人派某,398122795,自由自在 没有烦恼,菠菜那层好像猫不理老板玩的猫砂啊
某个某鸽,34570193,远离某些过激少女,那…什么时候做羊腿？[doge]
落,382620577,愿回青葱时，重绾她青丝,如果菠菜换成，海苔就完美了[doge]
-无语子子-,433869553,无语子子,上链接！[吃瓜][吃瓜]
刘宇在逃女友i,472431289,呃……,好大的鸡腿啊[热词系列_好家伙][热词系列_知识增加]
--文采熠熠--,650612660,学分,那么什么时候上市呢大姨[藏狐]
星海中的Voyager,140308803,voyager的爹系master，主打voyager的高难竞速,大哥，我尝尝，嗯，qq弹弹还能拉丝，这是我家的鸡腿大包[doge][doge][doge]
-_阿毛_-,25874329,选择很重要,大姨，咱不吃弹弓的皮兜哈，实在不行我给你三连[doge]
硬币诱捕器,26139584,合也无味，孤也无味,这几天打开b站都是大姨
萌猛虎,8642308,,工艺如此复杂 请问卖多少钱合适？
酸辣沙琪玛,8140074,,"你觉得这个稿件有什么问题？
○违法违禁
●我吃不到
○低俗
○赌博诈骗
○血腥暴力
○人身攻击
○与站内其他视频撞车
○不良封面/标题
○转载/自制类型错误
○引战
○不能参加充电
○青少年不良信息
○有其他问题
为帮助审核人员更快处理，请补充转载来源等详细信息
多行文本框限400字
未选择任何文件
支持JPG／PNG等格式，最多上传 5 张
提交[doge][doge][doge]"
cctvs宫方,401396508,hey  how are you,童年回忆杀
勇闯无人区的保葬男孩,441941927,刘姥姥进大波兰,这么说吧，这条评论能火我一盘屎吃下去[doge]
画渣超级渣,1319734878,原耽爱好者,那这也太简单了吧？有手就行。但是主要是是人人都有手的比如我[doge]
heroyouuu,477863125,,2021年，7月20日，晚上8点[滑稽]，关注的up主绵羊大姨，更新了[害羞]
万叶の后援会,407729295,喜欢五个魂儿,[绵羊料理-11][绵羊料理-11][绵羊料理-11]
rrr-llx,411160748,,我每天都会翻大姨的动态看啥时更新
-青竹白雪,39368932,,[热词系列_热乎]
种花家的超级好兔子,323251375,福生无量天尊,双汇火腿肠是美国的了[2233娘_大笑]
我的侍卫是XP,514686796,"落花有意……
独揽萤火",鸡肉：你礼貌吗[脱单doge]
捉到一只小柚子诶,1051245819,,[热词系列_吹爆][热词系列_妙啊][热词系列_爱了爱了]
花楹半夏,540055350,知识不只是粮食，还是武器,绵羊几天不见又变漂亮了，尤其是这双大眼睛，不多不少，正好两个[辣眼睛]
purpoooooo,286258660,噗噗噗噗噗噗噗,来得早，鸡腿还是热的[doge]
亿点点帅75,390764863,,这项目我投了OO
-竹子-,392977170,"我是你爸
多么伟大",还有人敢吃双汇的肠？果然是狼灭[点赞]
小一四一,185313832,我超懒！成绩超差！,美食区又将掀起一阵腥风血雨[OK]
Heyyylittle王,429792131,,唔～看着大姨可爱的脸庞，忍不住给两个币呢[doge][doge][doge]
骄傲的五级号,385100349,,兄弟们跟团：→https://b23.tv/KLXZ8s[doge]
NepNepNep,3843260,今天干长江更了么？,是不是只有我们四川人吃美好火腿肠…
梦醒时分不忘看你,498541386,"既然当初没有选择离开，那么便苟且赖活着吧。
Neumírej tady
我敞开了心扉，可是你还是坚持着你的倔强。
两个要强的男人，一个服软了",那可不可以把香肠换成鸡肉香肠，鸡肉换成绵羊肉，是不是就是新产品了[妙啊]
马豆a,99232555,热爱可抵岁月漫长,今天的鸡腿有点大，牙你忍一下[doge]
污力满满酱,35638698,我是一身正气，贪财好色，可盐可甜的污力满满酱^o^,双汇王中王，一节更比六节强[热词系列_仙人指路]
狗卷棘的夫人,454725867,这个人很神秘，什么都不写,鸡腿很大，绵羊要忍一下
潆溪羽,495066106,曙光,A货工厂居然开始自创品牌了[热词系列_知识增加]
年轻人玩的挺变态啊,4009737,"节操粉碎中 请稍后
━━━━━━━━━━━
 99.9%
━━━━━━━━━━━
",惠灵顿鸡腿[热词系列_知识增加]
苏小沐QAQ,238559412,,我的赞很大，你忍一下[支持]
江北小狼的故事,413150843,,大姨瘦了，传下去
夏冬爱吃小孩,510771741,我想成为一个温柔的人，因为曾被温柔的人那样对待，深深了解那种被温柔相待的感觉。――《夏目友人帐》,"三句话，让网友为我点了十八个赞[doge]
白嫖
白嫖
白嫖"
就叫雨落吧,23110902,,香菜达咩[阴险][阴险][阴险][阴险]
HY鸽德,233247996,高三狗，未来一段时间有且仅有一个视频，周末看到信息会回。（如果有人给我发的话咕）,我是绵羊的体重[doge]，我不相信你们能捞得动我。
叫我织织就好,1479104132,去蔡徐坤。,"低情商：绵羊胖了
高情商：绵羊工作真勤奋 工伤愈发严重
[藏狐]"
drak阴deep国,80252305,唧唧即寄寄寄鸡唧唧,你们随便看 我投了十个币 你们的算在我账上[OK]
望美人丶兮天一方,131514135,逮丝gi   米卡萨,我一定要买过来尝尝[傲娇][傲娇]
李二狗Twodogli,473967688,从现在起这里叫李二狗广场！,封面是在吃弹弓吗？[doge][doge]
噗咻啾啾啾,45170677,,绝了 这个必须三连 话说真要卖的话这起码得30-35 好想吃啊[喜欢]
去故之悲,173548268,一切事物对我们的亏欠都是祝愿,好家伙，二十分钟三万点赞，难道这就是小破站啃鸡腿的速度[doge]
枫雪鸭_,155995267,向肌肉许愿,真好看！我又能开始快乐吃饭了！
曾经可能存在的世界,435641816,梦或非梦，也许是遥远而迷蒙的另一个存在的风景,鸡腿这么大当然要炸久一点 你忍一下吧[狗子]
不准改称呼哼-漾漾留,27559601,我守护的是我抓不住的，我获得的毕将丧失，，(好好学习！！！),我的赞有点大，你们点的时候忍一下[脱单doge]
人走冰红茶凉,35022391,冰红茶本来就凉的鸭批！,牛的
热心市民刘佩奇,247254004,,刚刚同事说有个文件要发我，结果等了半天没收到，同事很抱歉地说：word很大，你忍一下
书书书生,8297791,国家一级退堂鼓表演艺术家；被动式话痨；好人卡收藏家；闭门羹品鉴师，自鸽选手,请问大姨要招试吃助理吗？[doge]特能吃那种[doge]
R孤月,382774465,永远相信你自己一定可以,从现在还没多少人人，我要做绵羊的狗狗[藏狐]
退网一年明年必上岸,382523350,看什么看_(:з」∠)_,你们这个鸡腿不行啊，我一口咬下去都咬不到火腿肠[doge][doge]
玄介卿awa,57927085,认真生活，你好大学――某穷学生,热乎的热乎的[给心心]
起点的我特么该叫什么,223967695,,21分钟前，凭实力刷到[藏狐]
不是生姜,86687166,开心,我的鸡腿包有点大，你的胃忍一下[大笑]
骨烛,1813986583,如果世界没有光。把我的骨头拆下来当蜡烛。,只要变成大姨的狗一定能吃到鸡腿吧
白编号52,15912715,过去已过去 未来还未来,这么长这么细 几下没了 看不起谁[藏狐]
三日sunny,648437175,诶嘿嘿嘿嘿嘿嘿,来了来了哇哈哈哈哈哈
火狐胡椒,647329424,多余？,终于等到你[给心心]
1Kecho,37605904,,绵羊骗人 那拍的韭菜明明就是蒜苗[doge]
温玄机live,114272136,宝可梦永劫农药崩三四坑玩家,更新20分钟14w播放就离谱
旯杂,495145847,,我的币实再太小了，就不投了[doge][doge]
w一B一X永远的双骑,599398090,"你指尖跃动的电光是我此生不变的信仰
唯有超电磁炮永世长存
你挥舞着右手消除的异能是我此生不变的信仰
唯有幻想杀手永世长存
上琴上琴世界第一
","应该没有人吧，已经过去17分钟了
实话实说，今天我吃了十吨屎
入口微咸，沾了我满嘴
虽然有些黏糊糊的，但很好吃
[doge][doge]"
雯身的熊猫,396071876,人◆Y已死%如遇A线;纯属〃见鬼,鸡腿很大，你忍一下[doge]
你好2666,1146385735,,好家伙，我的鸡腿很大，你…………………………………………………………………………………………………………这鸡腿保熟吗？[doge][doge][doge][doge][doge]
神の素颜,39942305,|家方起西家。世B有如改。  成，也是天地哀；。也是天地哀。,这个玩意儿开店卖20块一个除去人工房租水电基本不赚钱，30块一个我就不会买了，1个鸡腿哎，不至于
Ayasaki_Asuka,351453836,,炸鸡梦回入坑作
今天学数据结构了吗,22425379,一个人就好,大姨的视频好解压，忙了一天回来后看到大姨甚至都没这么累了hhh[阴阳师缘结神_开心]
drak阴deep国,80252305,唧唧即寄寄寄鸡唧唧,传下去 绵羊无伤通关鸡腿[doge]
兴儿哥,665991790,,这个鸡腿比较大，我得忍一下[doge]
乔飞飞yo,1044644805,,花十几天等绵羊更新，看到视频的瞬间，值了！
烟酒如此迷人,11783789,玩尬男孩,包包，我的鸡腿比较大，塞进去的时候你忍下[doge]
笑与知许,481881422,要周而复始的快快乐乐,你可来了诶！
Cherry-Zoe,82381742,Passion to love you.,别在大姨视频下面刷那个了，让人胃口都没了[吐]
但是该昵称已存在,49599699,,橡皮筋卡牙齿了吗？
国宝大熊猫,7831608,一句话介绍不了,为什么我小时候吃的鸡腿包是豆沙[藏狐]我也要吃肉！！
GPA暴涨的伟伟子,631078086,希望能在b站恰饭的up主,热乎的，咋15分钟就点赞过万，呜呜呜 看完那个十几个的点赞量[大哭][大哭][大哭][大哭]
简拔萃京城大猛一,1682973465,,[热词系列_热乎]
梅林的胡子2021,506068439,,权当馍
白七白七777,197546230,不以物喜，不以己悲,看起来应该要两块币一个[崩坏3_糖葫芦][Cat_chips]
Dru嘟嘟嘟,397829766,,终于更了
民加国民加国,252926959,,成本41.6，啊这，这样的鸡腿大包不得卖99一份？
魔法荷包蛋,522978617,,[热词系列_知识增加]
路人士,10007116,,大姨总能搞出新花样[doge]
布多斯多夫斯基-,112723284,,bzzb！
锦都琅宁,24232243,脑子比手勤快的小白剪刀手,好家伙，这用料充足的鸡腿面包，身价瞬间翻十倍[捂眼][鸡腿]
有双臭jio丫,27792351,biubiubiu,呲溜
warteeth,234279368,,………@绵羊料理 ……绵羊我刚刚冷不丁看封面以为是贾玲。别再胖了。
九月十九zzz,38486503,什么时候到6级啊啊啊啊啊,针棒啊，吴敌，这亦个鸡腿，怎么吃也吃不凡[doge]
蓝加零,176919969,南无加特林菩萨，大慈大悲渡世人,这阿姨今天怎么这么拉～～啊[吃瓜]
事有什么,1747775616,,绵羊的眼镜咋没了？[doge]
派蒙的刘海,35212107,尽人事以待天命,好家伙9分钟评论上千[doge]
啊怼怼怼怼,495233537,,你的鸡腿有点大，我忍不了了[doge]
Old道格,643532518,,有没有炸鸡那期入坑的[doge][妙啊]
华秦族,33535934,以道莅天下，其鬼不神,我觉得绵羊好像又膨胀了[滑稽]难道是因为夏天的热胀？！
vox之妻shoto,168119080,,什么时候做佛跳墙？
Miku酱喜欢葱葱,1563038933,视频一般都在几秒   主要是想记录日常绘画生活,我还以为绵羊要开一家店呢[笑哭][笑哭]还在想到哪能吃到这个鸡腿大包
油盐虾饺,23033571,柴米油盐酱醋茶,封面吃弹弓？
狗头是个好东西8,646746057,不知道说什么，狗头永远的神doge,阿姨，为什么不做绵羊面包呢，外面裹一层棉花糖，里面还有烤的羊肉，咬一口，神气十足[doge][妙啊]
奶茶妹妹叫奶冻,148057938,凛冬散尽，星河长明。,11分钟前我出息了！刚吃完又饿了[笑哭]
账号已注销,31691036,,芝士由真正的马苏里拉换成再制干酪，火腿肠用普通的鸡肉淀粉肠，菠菜换成洋葱卷心菜，鸡腿从鲜鸡腿换成冷鲜鸡腿，最开始的芝士不放了改放奶香沙拉酱。成本↓↓↓↓↓，味道↓↓↓↓↓↓奸商[脱单doge][OK]还是不要量产了。
Ya_a_hea,39394039,La－La－！,本来要做鸡腿面包 结果开始是个芒果 后来变成了哈密瓜 又成了葫芦娃[doge]
迟泽Drni,408739843,憨憨,这么大，不知道我的嘴可不可以塞下[doge]
玖花香,318850439,,绵羊换地方后感觉没有以前状态来的好。
十札礼,37209278,这是一只想更新的鸽子。,徐大虾:丢大包！[doge]
magic呱呱,8271556,那么但是，我想我唯一的办法，就是我的声音要比它还高。,热评[大哭]，我的热评[大哭]
桐灏_,23202500,大喜大悲让我喘不过气,"1、据研究，每呼吸60秒，就减少1分钟寿命。
2、谁能想到，一名16岁少女，4年前只是一-位12岁少女。
3、中国人在睡觉时，大多数美国人在工作。
4、中国教英语方式有极大错误，在美国就连小学生都能说一口流利的英语。
5、如果你每天省下来一包烟钱，10天后你就能买10包烟。
6、当你左脸被打，你的右脸就不会痛。
7、 当蝴蝶在南半球拍了两下翅膀，它就会稍微飞高一些。
8、当你吃下了20碗米饭，换算下来竟然相当于摄入了20碗米饭的热量。
9、凡是每天憋尿过多的人，有高几率100年内死去!
10、人被杀，就会死!
11、帅的人看到这段话会赞，丑的会视而不见

反正闲的没事干，不如和我一起复制挨骂[doge][doge][doge]"
白皮可爱,379519880,吃吃吃,拿来吧你
下酒菜我要吃备用电池,1700922572,,众所周知，美食区的难免不翻车
醋醋-PuFF,5020348,,小狮子？0+7？我不对劲[笑哭][笑哭][笑哭]
无聊聊聊撩,287964233,卧槽,黄发确实很大姨
三无三有旧青年,440373607,,"芜湖呼呼[打call][打call] 
新鲜的视频
耶耶耶"
Ag银翊,32134248,"写过文章
扛过钢枪
玩过话剧
留过西洋
上过讲堂
爱过姑娘",封面是吃了根皮筋儿吗？
逆绅士,294152222,呱～呱～呱呱呱,大姨下巴更圆润了，是不是工伤了[思考][思考]
不开心也没有办法呀,352473544,超级能让自己不开心，但是希望你能开心,想不出骚话[委屈]
河南下雨怎么淋湿加州,647896101,有些话 喜欢在没人认识的网络里说,众所周知 沾了国潮等包装设计 性价比就很可能降低。 但花钱买包装 也不算错
阿清才没圆滚滚,287464419,,阿姨是要在上海开店咩
女娲补锅QAQ,1057936950,你我终将落俗，但浪漫不死,"三句话,我嫖了绵羊18万次[doge][doge][doge]"
cheshireNyaA,13930521,,羊灵顿鸡腿[神乐七奈_擦玻璃]
一个正常的好人,1730238977,,我是伞兵[doge][doge][doge]
凯亚单推bot,203139059,,绵羊姐姐，我想得到你，好久没看见这么好看的女孩子了，你是天使吧，无语，我真的太喜欢你了，你能不能跟我谈恋爱，不谈的话，我当你闺蜜行吗，备胎也行啊，姐姐酱，我真的感觉我爱上你了，我第一次见到这么单纯，漂亮，可爱的女孩子，我会一直喜欢你的，姐姐酱，我爱你
不羡羡羡羡羡羡,65979992,,这鸡腿看起来好好吃阿！！但是还有点缺陷，就是我吃不到！！！吃不到啊啊啊啊啊啊啊！！！！我吃不到啊啊啊啊！！
--noc,510707510,混音编曲美食读书旅行好好生活善待自己,"到上海以后都是吃干辣椒粉了
（长沙人：众筹给绵羊买剁辣椒"
55607519420_bili,401463402,,鸡腿？拿来吧你！
Shinji菌,11716523,～～,那么！在哪里才能吃的到呢？！[点赞]
盛夏白瓷Y子汤,29971649,速度不是人生，但速度让人生勇往直前。,盲猜有人用大姨体重上热评[脱单doge]
肉肉的包子_,487155066,懒笨矮胖圆的一个二愣子,火腿肠：我何德何能[藏狐]
寒凉子_,34091763,,在哪卖，我捧场[罗小黑_鼓掌]
TocciE奇,14904198,..........,双汇是我河南的特产哎，看到大姨恰双汇老激动了！！！[打call][打call][打call][打call]
陶舟,278060006,"混迹于街机/奥特曼和王者评论区
偶尔会发一点录屏自娱自乐",大姨到现在还能这么纤细可真是个神仙[藏狐]
周星星会发光叻,170095649,周深冲冲冲！！！,绵羊绵羊，可不可以发一下浓盐水的配方啊，是不是之前最棒炸鸡那个啊
名字好难起12333,232620973,,传下去！我也还没看不知道传啥[doge]
兮栝君,356293548,,[热词系列_两面包夹芝士][热词系列_高产][热词系列_秀][热词系列_三连][热词系列_可以][热词系列_知识增加]
虾仁如麻ii,384597272,,十天准备，三分钟搞定，就是有点大，需要忍耐[doge]
P太皇,487425798,我是P太皇，也可以叫我不常上线的太皇仔_(:з」∠)_,火钳刘明[热词系列_仙人指路]
四月九两,388539820,造化随缘,封面好像马丽[热词系列_知识增加]
南方小驹293,109115519,,人还少 我来了
_-Maple-_,14961987,,什么时候炸羊腿呀[藏狐]
叫我小刘__,1104372776,我并不是很差，只是离目标还差了点,第一次这么早，发个评论吧！
账号已注销,1255975420,,前排
景贵妃,6803637,倒放的春天,这只鸡腿有点大 我得忍一忍[喜欢]
我叫黎小D,455316070,爱的力量是无穷哒！,相当的能拉～
绵羊青年,440421139,,我咔，这么早
Guo晓琳,490336933,此人很神秘，而且懒得写,！！！！！！啊啊啊妈妈我在前面！！！
bili_675017953,675017953,,三句话让女人为我做了十八个鸡腿面包（哈哈大笑[吃瓜]）
蹲在厕所耍手机,187665463,,我们以前有那种大概是面粉做的类似这种鸡腿的零食，外面撒点糖，里面松软外面脆脆的，我小时候超爱吃，一般这种都是别人背在身上边走边卖的[羞羞]想想就馋，可惜现在没看见过了
东吴吖,253840149,,大姨好瘦！（
暴露的大粗腿,3632969,,看封面，还以为嘴里点这个猴皮筋呢[妙啊]
白兮甜甜哒,480164389,,白天刷不到，晚上逃不掉[OK]
-烟汀-,23698634,人间久别不成悲。不成悲，乍相逢才悲。,大姨穿校服是什么意思[思考]
-烟汀-,23698634,人间久别不成悲。不成悲，乍相逢才悲。,大姨穿校服是什么意思[思考]
毕巴you,28647182,,大姨店在哪，我现在就去[喜欢]
昵称已占-,8297186,向死而生,认真的问，哪里能买到？我真的好想吃[大哭]
CCChangbai,19745891,,请马上全国上市[难过][大哭]
Iamwcy-,498540995,加油！,有卖吗
玉蝴蝶恋花心动,661852550,怕什么真理无穷，进一寸有一寸的欢喜,就是说呢，我作为一个，一个就是B站的，的一个会员，需要给您的视频进行一个评论，评论就是，就是说我这边呢，这边就是要给到您一个反馈，然后呢，我这边就会，给到您一个白嫖。
胖胖的脂肪哥,433907620,需要便宜捡漏加v：wxid_a9kjv5a935hs22,我觉得这个包还能带点电，吃的时候还会唱歌[doge]
兮栝君,356293548,,绵羊啥时候开店[藏狐][藏狐][藏狐][doge]
夕雨凌风,100903685,乌拉！,好吃好吃(你问我怎么知道的？)[墨镜]
猫爪永不在下,49740138,,我好快[呲牙][呲牙]
难欢也,626223808,无用功。,大姨是不是又“瘦”了（对不起对不起 doge）[doge]
西红柿煎空气鱼,492696075,,一直在想大姨做的美食会不会自己全部吃光？ 难怪越来越宽了[doge]
SIEGE-SIX,9311081,准备攻坚的时候，别把你的枪口对着自己人,这不是变相版的惠灵顿吗[吃瓜]
Cenlan_,50502783,我是靓妹,好吃！
and泡泡糖,406067700,,↓喜欢吃香菜的集合
在下肆月,389135819,当初在人海中独独看到了你，如今再将你好好地还回人海中。,来了来了
纸飞机desu,372273182,胆小鬼.,省流大师：开wifi[脱单doge]
呵呵的mc,38527709,一个2016入站的主推摄影的全能UP主(￣￣)～■干杯曾经更新过游戏、摄影、生活、科普和美食区的视频 欢迎关注小萌新up哦～^_^,不怕A厂超正牌 就怕A厂整自活[doge]
Specific_,17757474,哈哈哈哈哈哈哈哈哈哈哈哈哈哈哈哈哈,热乎的大姨[doge]
崔亚豪,1240540008,,大姨的视频我个个三连。 B站的跑完还跑看点去投。[OK]
某非崽,439262081,我不会试图摘月，我要月亮奔我而来,七分钟前还热乎
橙子酱啊哈,37316747,更多消息，欢迎来关注微博（同名）,馋死啦馋死啦馋死啦馋死啦啊啊啊啊啊啊啊啊啊啊啊啊啊啊啊啊啊啊啊啊啊啊啊啊啊啊啊
Niniseasun_,400831401,seven,胖了 大姨[脱单doge][脱单doge]
Yvonne__v,320501404,,A货工厂原创了[OK]
橘子是柑橘,108080561,君指先跃动の光は、私の一生不浃涡叛訾恕⑽ㄋ饯纬电磁炮永世生き,"*你觉得这个稿件有什么问题？
 ○违法违禁
 ●我吃不到
 ○赌博诈骗
 ○血腥暴力
 ○人身攻击
 ○与站内其他视频撞车
 ○不良封面/标题
 ○转载/自制类型错误
 ○引战
 ○不能参加充电
 ○青少年不良信息
 ○有其他问题
为帮助审核人员更快处理，请补充转载来源等详细信息
多行文本框限400字
未选择任何文件
支持JPG／PNG等格式，最多上传 5 张
提交[傲娇][傲娇][傲娇]"
啊啊啊啊啊nb,387210964,希望大家都可以温柔的对待这个世界和自己。,饿了
听说长名字会有人看诶,516025975,"
","*你觉得这个稿件有什么问题？
 ○违法违禁
 ●我吃不到
 ○赌博诈骗
 ○血腥暴力
 ○人身攻击
 ○与站内其他视频撞车
 ○不良封面/标题
 ○转载/自制类型错误
 ○引战
 ○不能参加充电
 ○青少年不良信息
 ○有其他问题
为帮助审核人员更快处理，请补充转载来源等详细信息
多行文本框限400字
未选择任何文件
支持JPG／PNG等格式，最多上传 5 张
提交[脱单doge]"
Contract-Bell,472488132,。,六分钟！好耶！
鹿ylong,215204734,,六分钟！！！！
苦灬与做伴,71358480,纵使长夜漫漫永劫无期，我也要化身星辰点燃希望，你的誓言由我来实现！,所以哪里可以买到呢？[酸了][酸了][酸了]
-橘子味的小年糕-,431081535,,羊厂长我来了！
v衤,1900085728,给岁月以文明，给时光以生命。,看完绵羊视频的我，急忙又做了一顿晚饭[OK]
HFLISME,481626616,????,这个鸡腿我受不了[doge]
驴小白,39172446,,哇，原来我来得这么快
影之侍,14075464,今晚夜色真美。,失去梦想变成大芒果
菊花老贼,8085627,,惠灵顿鸡腿[热词系列_知识增加]
空气兔子喵,620214312,(*''*)互粉咩(o・v・o),大姨…饭饭…饿饿…oo
YALAXIKU,352590493,爱好吃花,出息了
YALAXIKU,352590493,爱好吃花,出息了
液位计226,23301617,,趁现在没人[doge]我是绵羊手里的鸡腿骨头[微笑]
篱夜菌,660033765,,兄弟们，顶我上去。https://b23.tv/RhocK6开团
奶茶派-掌门人,1190652287,nothing is impossible ,"刚刚还在说什么时候发视频
结果逛了一圈就来了[打call]"
贝贝是个小嗲精,95513816,有一个小太阳 在我的心照耀,多少钱一只 我不打算买 你送我一只[doge]
爱护三连,372619104,,更了，更了[大哭]
弥鹿k,287609626,睡得晚起得晚熬夜也像倒时差。,我出息了！5分钟前！！！！
宇智波斑_,438883506,绝望吧…这就是宇智波斑…神的力量!,来了，绵羊你脸圆润了[Hiiro_装酷]
孜然速冻,488473952,底层老鼠人一个 喜欢很多东西,大姨你已经很明显的胖了
终わらないし,149968124,神にY切られる前に、魂を魔に捧げた,所以在哪里能买得到呢[doge][doge]
庭月晚LA,58919278,今夕是何夕，庭月晚风华,我出息了！
凡尘琐世,197525632,,好家伙，自主研发
偷宠小队长艾绑票,427406971,头像来自于UP猪:搞怪小阿豹,大力水手觉得很好吃[支持][doge]
鱼豆腐点灯,381707390,我有100多个墙头（无粉籍），你管我喜欢谁，塌房就脱，别**来给我对线，没有本命，看脸也看得实力,我出息了！
Chenrainhry,65904300,,两个圆圆的硬币入股，待5年后别墅靠海[歪嘴][歪嘴][歪嘴]
Inksans46,508617825,这个人在搞设定，什么也没留下,"马苏里拉它""拉""了[doge]"
执花仗剑的厨神,347388296,,四分钟 从没这么前过。。。
墨骨时涵,505694536,什么都想做 什么都不会 又菜又爱玩 说的就是我大肥宅墨骨！永远的绘画和MAD区百合写手爱好挺多的…你看到这了…要不…点个关注？,这个四分钟的视频，但是我已经被埋没了
火锅涮龙肉,362033874,白日梦想家,看完发现没有弹幕原来是我来早了
在下人才有何贵干,625638336,,3分钟我点进了这个视频，我不会告诉你我只是想吃鸡腿了
你的眼睛一直笑,34324966,,祝 绵羊喜提鸡腿大包!
捕风de异乡人,527439362,提瓦特的飞鸟，诗歌和城邦，女皇，愚人和怪物，都是你旅途中的一部分。终点并不意味着一切，在抵达终点之前，用你的眼睛多多观察这个世界吧！,"2020年：绵羊料理
2021年：肥羊料理
[doge][doge][doge][妙啊]"
和自由很熟嘛,34141479,这世界在热闹什么,第一
情谊随心而动,168954452,音虽无，弦已结，傲立于世，月华初奏。,咩啊～[吃瓜]
KAITOの风咩咩,259538271,啊~我不更了~,[doge]下次又做
沙耶的伊蕾娜小姐,413011852,我这个人很懒，什么都不想写～,芜湖
你在忧愁什么呢,386531954,你在忧愁什么呢,一键[热词系列_三连]
空lI白,35147189,想看番剧,这封面真香，针不戳   [热词系列_知识增加]
w德,383635597,"永远单推罗耶Royer
书法篆刻乐子人，定制作品私
交流群704435669",四分钟我出息了！
复联里的猪猪侠,445734199,,呜哈哈
你在忧愁什么呢,386531954,你在忧愁什么呢,一键三连
中里予三王久,419797444,,吃完胖三吨[doge]
试试总不可能逝世吧,229028957,试试就逝世,4分钟兄弟们，我快不快
钉owo,359647570,,我又来给猴子捞月增加没有任何营养的评论了[doge]
终极无敌划水怪,2586555,年少不懂李宗盛，听懂已是不惑年！,这个项目我王多鱼投了
只喜欢吕,472387384,,阿姨体重[doge]
你哒哒还是你大大,354496041,,来人，把我当鸡腿炸了给大家尝尝[doge]
又菜又爱钓,274901100,天不生我键盘侠，万古网络如长夜！,哇，鸡腿大姨来了！
RR,11653162,噗咻～,工厂招人嘛？我绝对接受工伤长胖
夜里翻了船,102573165,刺穿你的心脏,阿姨做饭还是那么认真[星星眼]
游泳池子,226170148,,"*你觉得这个稿件有什么问题？
 ○违法违禁
 ●我吃不到
 ○赌博诈骗
 ○血腥暴力
 ○人身攻击
 ○与站内其他视频撞车
 ○不良封面/标题
 ○转载/自制类型错误
 ○引战
 ○不能参加充电
 ○青少年不良信息
 ○有其他问题
为帮助审核人员更快处理，请补充转载来源等详细信息
多行文本框限400字
未选择任何文件
支持JPG／PNG等格式，最多上传 5 张
提交[doge][doge][doge]"
bili_31137519318,474488832,山河远阔，人间烟火，无一是你，无一不是你,这次的时间计量单位好不习惯吖
天宇名,604801680,,居然发视频了[热词系列_泪目][热词系列_泪目][热词系列_三连][热词系列_三连][热词系列_三连][热词系列_三连]
月亮与知更鸟,512971111,哦了吧,↓绵羊的体重。
DelancyLover,452560258,,大姨好！！
光PP的小马,27776114,有人的地方就有江湖，有江湖的地方就要有桥或船，要不然过不去,花10天等了一个6分32秒的视频，亏了[doge]
银河系下雨天,669205456,"小严――
和小七仔一起旅行～（无畏是笨蛋七七）",好前
好心の王二狗,21538799,我虽然无能，但我不卑鄙,看到这里我想问一下：美食博主的家里，真的是什么都有的吗?？
观山居士,471332024,,真不错啊
剩糖舞士,38243305,不过如此，得过且过,"外面看是炸鸡腿
切开看是煎鸡腿
吃到里面才知道是煮鸡腿[doge][doge]"
北辰小居,27028566,是明星内.,来早就能上热评？[鸡腿]
教人打枪的薛教练,3531116,,尊敬的UP:据您上次更新已经3分钟了。请您不要不识好歹抓紧更新下一集谢谢[doge][doge][doge]
小桂圆儿_,259056909,喜欢你的理由很简单：那天阳光正好，而你眼角带笑,隔壁小孩：直接哭还是走程序[脱单doge]
voxの麦克风,455321190,……,三分钟！
改个新名儿,19727168,,怎么能上热评[doge]
静默忆回,442241966,,3分钟
染染她没了,509033629,,热乎的绵羊！[doge]
揉M粞Y,270040038,,啊啊啊啊绵羊更新了
草木几胜于人,345047296,,第1次这么早好兴奋。
一只胖橘awa,385836449,,十天，让绵羊给我炸了三个炸鸡[doge]
墨清闲,319165678,,来了！！
冬冬不敢唱,284167427,只有驴可爱了,终于来早了[doge]
灿若思贤,269546055,"是个懒散的人
更适合交朋友",热乎的热乎的
怀瑾RAY,201496859,"怎么了？没什么。
",来了，你又瘦了@绵羊料理 [热词系列_三连]
安康cc,473071443,"剜一心于地，刨二目于江海
",连更，[热词系列_好耶]
官,429179576,哈哈哈哈哈哈,为什么莫名饿了[doge]
憨批的快乐人生,96228268,憨憨的人生才更好哇啊（人工狗头）,你们都是住在B站吗？两分钟400评论也太行了[笑哭][笑哭]
Thoughin,483214069,,热乎
弦のないL弓,356336199,,终于啊，[]。不过有一说一，大姨好像胖了[藏狐]
你是否也颠沛流离,443614888,鲜衣怒马少年时，一日看尽长安花。,都 没 吃 过[藏狐]
相泽南真是太好了,312123024,相泽南，李在赣神魔!,高配版韭菜盒子[傲娇]？
明T天南-,635321085,保持理性。,！！够早[脱单doge][脱单doge][脱单doge][脱单doge][脱单doge][脱单doge][脱单doge][脱单doge][脱单doge][脱单doge][脱单doge][脱单doge]
李疏只有乱七八糟,435195971,,三分钟！！！
i饭生饭死,406038210,热爱干饭的每一天,三句话，让大姨的鸡腿大包卖了5千亿[doge]
嘎哈哒,19071149,只属于我的小天地。,这鸡腿很大！
废音太子,329861127,喜欢配音，唱歌。爱好挺广，都不怎么精。咸鱼一只，希望自己能慢慢变好。很高兴认识你～,前天考古大姨的咖喱饭自己做了一次，很好吃，感谢大姨[鼓掌]
渣渣cxd,35980278,lsp了,终于饿到吃皮筋儿了吗
跟和泉纱雾恋爱一百年,495695006,"大彻大悟了家人们
7346",我的鸡腿很大，你忍一下
无助的id,43305191,,第一次这么靠前[微笑]
小圆脸猪咪,358974849,这个人很帅，什么也没写,"封面大姨的脸还没个鸡腿大
爱了爱了[doge]"
豫儿e,481287151,"圈子主要混yygq+光遇 拒yygq±1 雷蕾退散 别找骂
cp嗑幻花 茄蕾猩 天雷kb&幻右 光遇无雷cp
很好相处 热衷于关爱新人up",绵羊考虑开连锁店吗（）不想动手但我想吃[脱单doge]
我家乖囡-二骑小操,175035904,这号现在给徒弟用了，让他晒女儿，我只是偶尔回来偷猫，或是用来发下主旋律圈的名角们,说说你和黑猫种百合花的故事吧
动漫老饕,448285643,二次元比现实更可怕,三句话，让大姨为我花十天炸一只鸡腿，我是一个善于让阿婆为我花时间的男僵尸[doge][doge][doge]
五岳寻仙客,383792090,,前排前排，啊，起了个大早，咋赶了个晚集
ISADLUSIA,19009105,,鸡腿好大，要忍一下
零肆zero4,22693775,,趁还早没人，我想做绵羊阿姨的狗[给心心]
游辰九代,426338696,,趁人少，我想做绵羊的[doge]
起不到名字了耶,1137423607,,哇哇哇，热乎的[藏狐]
名字懒得想www,441550410,,↓我先来，大姨体重，单位:kg[藏狐][藏狐][藏狐]
小杨杨yGAG,302468489,接文稿，对象，题材，要素不限不忌。新闻速报等速写文学不接政治性题材。直接站内私聊。,发现这些大火的食物，一般都富含着大量脂肪和糖分，很少（我见识短浅，感觉好像没有）有低脂低糖的食物成为流行一时的“网红”食物，果然，还是违背不了进化的本能[笑哭]
一个没被占用的id,661514312,,第一次这么前，说点什么我爱中国[doge]
Oxygen_外扣外,71269420,You don't have to say I love you to say I love you.,上来就看到一条弹幕“看到我你就不是第一了”，血压瞬间干满，宁有事吗[大笑]
是青木诶,32913812,,第一次这么早！！！
是青木诶,32913812,,第一次这么早！！！
夜噩如梦,396406407,"夜有轻语，无望无念！
魂之迷途，归来兮！",我饿了，想啃了绵羊！
起于青萍之末又弥散,397739524,正在咸蛋家小驻……,偷偷表白绵羊的第一天[脱单doge]
物尽其用黄某人,43814179,,"三句话吸引up主注意↓↓↓
一，点赞
二，收藏
三，投币"
愚人众使节-米哈伊尔,179619961,,"你不是A货工厂吗？怎么开始自己研发了
[热词系列_知识增加]"
为什么没有名改,269308551,,来了鸭！
杀手蛙,355166229,,这视频播放量会很大，你要忍一下[doge]
是你的小任啊,317027079,,美食界的大富豪[OK]
为什么不问问神奇的W,582262676,,乌拉！我现在就去做鸡腿！
文艺青年护舒宝,86720468,,又来看评论啊，彦祖[doge]
抱一只大腿,222002370,,鸡腿挺大[doge]
Tritiumss,267384432,AH！That's good!,[doge]
WaryTT,346785294,何尝不醉酒似的喝彩,炸鸡加面包[热词系列_知识增加]
_野@子,280589030,每天都比昨天开心一点点,两个赞点外卖[doge]
不懂要什么名字,13182313,,来了来了来了来了！
卖莆田鞋的莆田人呀,394242440,看我动态,我用我的手机，用我的流量，用我的电费，用我的时间去看你的视频，你不给我钱反而要我的三连？？？[doge][doge][doge]
艾琳ailin嘻,522645852,,热乎
风落彼畔,101206089,,来了！！！
S群星陨落S,366700195,视频是记录自己的生活～也是天依殿下的锦依卫啊～,因为想不到土味情话而痛失热评机会，要不……大姨给个置顶[脱单doge][脱单doge]
Yu-予,694915284,哇哇哇哇哇哇哇哇哇哇哇哇哇哇哇哇哇哇哇哇哇哇哇哇哇哇哇哇哇哇哇哇哇哇哇哇哇,花10天炸一只鸡腿？入嘴的瞬间，重了[doge][doge]
东南絮,436528813,,"*你觉得这个稿件有什么问题？
 ○违法违禁
 ●我吃不到
 ○赌博诈骗
 ○血腥暴力
 ○人身攻击
 ○与站内其他视频撞车
 ○不良封面/标题
 ○转载/自制类型错误
 ○引战
 ○不能参加充电
 ○青少年不良信息
 ○有其他问题
为帮助审核人员更快处理，请补充转载来源等详细信息
多行文本框限400字
未选择任何文件
支持JPG／PNG等格式，最多上传 5 张
提交[傲娇][傲娇][傲娇]"
叫我_苏苏,147853077,,晚上发，羊羊，饿饿，饭饭
iamsolazy,456116598,みんながんばれ！！！,你看这个腿，像不像...
旋转的ee,383172401,,刷一下，评论数字变一下[OK]
我叫安甜甜,16969301,冬天，别逼我跪求你、,来早了，奖励自己一根劳布
灵魂动物,543926233,没有,烫手
T蓝樵,424766058,,刚吃完饭你就来了[热词系列_锤]
无心皖,365644033,,我好快
孤而生畏,522596015,,感觉大姨又圆润了[doge][doge]
不想取名只想躺平,634432675,鸽王肝帝反复横跳,加入预备菜单～
三百斤的月半子,271918210,"这个人什么都没有留下







只留下了一丝帅气",省流助手:花10天炸一只鸡腿？入嘴的瞬间，值了！
故往然ing,486968677,此去经年，留下的是回忆，晚安晚安，,妈呀！吓死宝宝了，第一次[给心心]
副某人,351222410,红红火火恍恍惚惚,阿姨瘦了哎[羞羞][羞羞][羞羞]
真不会取名别重了,1328368303,,花半个月等一只鸽子，更新的瞬间，值了！！！
黄金蛋汤包,404455809,,大姨又瘦了[doge]
-ko--ko,476547952,人生在世，必需吃饱，不能做饿死鬼！,"绵羊是意大利和中国混血吗？
不然怎么长得这么像我的意中人[害羞]"
新华路诗人,11375858,,[热词系列_热乎]
假狗ar,443588948,有的事情不主动努力，会不会后悔一辈子呢。,啊啊啊啊啊啊啊啊啊啊啊啊啊啊啊啊啊前排！！！！！第一次这么热乎，关注这么久了[热词系列_泪目][热词系列_泪目]
二年级的吃瓜喵酱,351956447,程序猿,投币再看
福福福气气,445482596,晚来天欲雪，能饮一杯无,大姨染头了吗？[给心心]
关于想名字好难这件事,43921582,"The wind is in the rose.
The stars are made to shine.
 ",老婆
酸橙薄荷糖,13256520,岭外音书断，经冬复历春。,word天，鸡腿好大[doge]
想睡到自然醒的小帅,55498093,,把你嘴里那个弹弓给我吐出来！[doge]
叫我23就行,8911560,去经历。,宝，我被车子溅到泥了，什么泥，噢，原来是想见你，我的宝
凯sou会多多,483570375,,还热乎[热词系列_三连]
Conker深雪,8211444,"寒冬过去之后就是春天了,但伏特加和围巾是一年四季都要有的～",针是的，吴不吴聊，易天天的，凡不凡
瑞琰,16431624,瘦不了的永远在骚动，吃不胖的都有恃无恐。,新垣肥羊要减肥了
砥砺前行鲲鲲酱,36318806,金诚所至 金石为开,鸡腿很大 你忍一下
含心来晚了,484661712,"阿巴阿巴
",不懂就问，封面是咬了根橡皮筋吗？[doge]
萌新的craft,157414350,,第一次这么前
换头怪冯提莫,616989990,,"绵羊！你知道吗？
我对你的思念就像喜马拉雅山一样高！
我对你的思念就像马里亚纳海沟一样深！
啊！好刺眼。那是什么，是闪耀天边的双子星吗？哦不，原来是你那美丽动人的双眼！
啊！好柔软，这是什么，是高贵奢华的天鹅绒吗？哦不！原来是你吹弹可破的肌肤。
我对你的爱就像岩浆一样滚烫！就像硫酸一样浓烈！
我们～私奔吧！"
飞社长,11100920,微博：飞社长  V: feishezhangwx,前排！我爱大姨！
bili_15049841799,531031107,,站点
Lisa的向日葵,646098257,“You really hαve your mother’s eyes. ”,可以做一个牙签肉吗[滑稽][doge]
草吃多了会梅,2112988161,这里是草莓，一个暂未出道的虚拟主播（确信）,某位不知名女性因抢到前排却不知道说什么激动昏倒
我思故我在c1,413084431,,世界第一
叫我23就行,8911560,去经历。,来啦，姨！！
揪揪yu须须,660911247,我们的故事一定会讲到老,啊啊啊啊啊热乎
穆尔西里二世,65785411,,这芝士，看起来针不戳[支持]
换头怪冯提莫,616989990,,"我见过绵阳素颜，说真的……
算是化妆神术，造型设计，再加脑内PS出的“美人”吧。
真人确实不咋滴！
她性格也不像你们幻想的那种“天真无邪的可爱，傻到单纯的蠢萌。”
她的性格，呵呵，可能正是你们这些白嫖怪们最痛恨的那种。不好多说，大家心中明白就好。
说多了，你们这些肥宅又不相信又想开骂。
唉，其实，少把荧幕形象美化到真人头上，踏实点，多留心身边的女孩。
相信我，这种平凡幸福感是远超过所谓她做你一个月老婆的。
我说了这么多道理，你们应该不会和我抢了吧……"
唯老婆大如天,229532392,,芜湖，热乎的
silly沐,6646795,"知识不应用来炫耀，而应帮我们成为更好的人

崩坏3-2018周年影像大赏冠军
战双帕弥什-战术成就奖一等奖",要是能一只鸡腿炸10天那就更厉害了[蛆音娘_滑稽]
侯侯侯不反抗了,431269725,好好活着，生活下去。,？一秒钟40条？咋做到的？[辣眼睛][辣眼睛][doge]
今晚恰薯片,636867273,,up考虑过开饭店吗[脱单doge]
TAYLOR-WY,98640010,是好好学习天天向上的仙女【不接受反驳】,热乎的热乎的！我说的是热乎的大鸡腿儿！[星星眼]
皮皮的大饼,364469562,"这世上，从来都没有从天而降的英雄，只有挺身而出的平凡人。
",距大姨上次更新，已经过了两星期了[傲娇][傲娇][傲娇]，你再不来我都把你忘了
一条日常当咸鱼的墨笙,361416702,咸鱼,一分钟[脱单doge]
一个逸同学,473538715,没心没肺简单唱唱歌 ,5000亿的销售目标我居然没吃过[大哭]
bxzd_wtxwdlds,22536367,,来了
大童话家小贝拉,14066018,乘月醉高台,绵羊的眼睛真好看，里面有晴雨，日月，山川，江河，云雾，花鸟，但我的眼睛更好看，因为我的眼里有绵羊。
一只拔鼠233,386374585,可恶！我是游戏区UP主啊！,一只鸡腿能比得上我对绵羊的爱意吗？！[傲娇]
真源暖炽,298743040,很多人只能同苦不能同甘。,来了来了！
夏祭的女王,284110418,什么都玩，什么都会尝试，一直在进步的新人up。,来了来了[打call]
也喜欢喝汽水,486227615,阿巴阿巴阿巴巴巴,这浓郁的羊膻味[脱单doge]
南湖不系舟,628722638,富贵非吾愿，帝乡不可期,"前排！骚话！啊啊啊啊啊啊！
说不出来[大哭]"
_Murry,85242891,沐日浴月，睿智人生。,说说你多久没更了[doge][藏狐]
沫沫无闻鸭,535716476,,[热词系列_热乎]
予子衿,34790715,青青子衿,芜湖！第一次这么早！！！！
但凡有6个硬币-,362468285,多投几个币吧,我想看炸绵羊腿[doge]
蓬莱小胖仙,38164424,乾坤自在身 何处不天涯,我先来 工伤长胖第一羊！
糊涂芭比猪,391291919,,大姨，我来了
Galawhere,107837455,欧气满满捏，,↓大姨体重单位，凡
想成为历史学家的贝贝,545417511,开心，天才！心无苦，生活无边！,二喵越来越像大姨了[doge]
战神殿郭大大,421024918,,来啦来啦
刘飞儿干净又卫生,178474350,Onlyfans,我基本不做炸鸡 可以送给我吃吗 你来一趟也不远 开车三小时 我是真的来不了 我的身份真的很不方便 你不能理解吗[doge]
嘉然今天RushB,354149050,,饭点！
喜多川海梦圈外男友,631062445,1129,拖了这么久到底是尝试了多少次[绵羊料理-44]
卡住叻_小白粥,400977602,,来啦来啦[热词系列_热乎][热词系列_热乎][热词系列_热乎]
Yvonne__v,320501404,,大姨！！等你好久了！[打call]
小巴车车,1217189553,,绵羊料理姐姐，我想吃烤全羊
马猴烧酒haha,365732096,,我是一个都没吃着
独小小鱼干,1509904758,,绵阳姐姐，都快要馋了还不如开个店去买呢[笑哭]
顽皮饕餮,243649658,,拿上这根鸡腿，喊一句:山本，我....
bigricexxm,263189929,,1
柯震V,13119969,一щu本家。,问题是这款普通的双汇火腿并不好吃啊。。。。。很粉 很难闻
奇藤-灵蔓,1400594237,寄出无意义的终章痕迹,5:20
寻找猫咪的铲屎官,660190660,,有没有人知道他的配方啊啊啊 真的好想吃 ，谢谢大家了
修改名称要需六个硬币,2088072307,,[doge][doge]
韵迪西,293067837,只是为了记录生活 经常被BLACKPINK的声音所俘虏 喜欢人间芭比lisa、人间四月金智秀、人间香奈儿金智妮和人间野玫瑰朴彩英～,有没有的卖啊up[脱单doge]
不吃唐辛子,515061886,让优秀成为一种习惯,为绵羊的热爱与坚持贡献第8800条评论[打call]
不想玩游戏的小智,70595701,bilibiligamer,双汇还需要恰饭？
一纱蟛嫔,702643,Fibonacci(12),广告做到1000万加播放，tql
虚刀幻影,477117915,,新人，请问，这个up主叫猴子捞月吗？[doge][doge][doge]
dynamichen,16228893,,绵羊老公过来点赞 看看有多少[脱单doge]
全都奥利给,85646724,你要永远快乐,顶
xiaopengyouyou,315916506,,早早早！
JaneWangTS,351718749,,前排！我爱大姨！
顺走香香,629311525,"哈哈哈哈哈哈
",在下野猪佩奇，明猪不装暗逼，我出去吃一口猪食，回来要是没有十个赞，我就拱死在坐的各位，注意 是当场拱死（包括路过的）
顺走香香,629311525,"哈哈哈哈哈哈
",在下野猪佩奇，明猪不装暗逼，我出去吃一口猪食，回来要是没有十个赞，我就拱死在坐的各位，注意 是当场拱死（包括路过的）
GG_,355917563,,鸡腿很大 你忍一下[doge]
把拉闸打在公屏上-,1197520653,快乐,出现在中国boy新号的首页[doge][doge][doge]
DDBY0,519276653,,切完感觉像惠灵顿牛排
逆,442180543,,我是撒阿萨德 都是收到水电费我发现非得黄冈更[呲牙]哪个关于立即
KV2的小水管,361470905,哼哼～～啊啊啊啊啊啊啊啊啊啊啊啊啊啊啊啊啊啊啊啊啊啊啊啊啊啊啊啊啊啊啊啊啊啊啊啊啊啊啊啊啊啊啊啊啊啊啊啊啊啊啊啊啊啊啊啊啊啊啊啊啊啊啊啊啊啊,香菜……果断拉黑
法师多支援上单不孤单,259467311,,浓盐水，腌制，那，最后会不会太咸呀？
梅斯_艾凛,128718976,联合起来！向卑鄙无耻的资本家发出冲锋！,woc好久没看绵羊，胖了那么多[辣眼睛]
破烂喉,33918613,新人up主,弹幕量跟播放量还有点赞真的夸张[笑哭]
2020_春,525678941,作茧自缚,你声音好难听
钻洞人渴了,275016455,,这也能火？
北乐嗝兮,661885154,,"求求看我！！！
汜水卫生院屋顶还有十个人没救出来在屋顶！！！！！！！！！还有十个人没救出来在屋顶！！！！！！！！！还有十个人没救出来在屋顶！！！！！！！！！还有十个人没救出来在屋顶！！！！！！！！！还有十个人没救出来在屋顶！！！！！！！！！还有十个人没救出来在屋顶！！！！！！！！！
转发时间(7/21  -  19:53）

转发"
从不会失手,407496365,,哪位老哥能说下她到底是怎么火的吗？一直给我推送[无语]
阿里阿里阿里里,20640763,扭扭扭扭扭扭扭扭扭~,大姨越来越大了~当然我说的是鸡腿儿[doge]
小毛琦,211962429,,GG这辈子都达不到的尺寸[歪嘴]
雨落流殇Joker,401575008,,我的火腿很大，你忍一下[doge]
景贵妃,6803637,倒放的春天,火腿很大 鸡腿得忍一忍[doge]
Niniseasun_,400831401,seven,鸡腿有点大 请你忍一下[脱单doge]
w德,383635597,"永远单推罗耶Royer
书法篆刻乐子人，定制作品私
交流群704435669",我的三连很多，我的朋友很小
哑颜_,1841413901,因为热爱！,省流：恰饭
是无重力少女鸭,650820921,喜欢双笙，拒绝杠精,热的绵羊，炸一炸更香哦，只有点赞的同学能吃到～[doge]
荒泷天下欺负小孩一斗,437165447,人之初性本D，lでも大好き,大姨胖了[捂眼]怪我太久没见大姨了
十年饮冰血难凉,146017394,,我的赞很大，你要忍一下……算了，让这个赞滚吧！
名井南的外八子,501927547,清风白茶无别事，我在等风也等你,绵羊，我的三连太沉重了，你忍一下[doge]
MISAKADREAM,31826145,活着无味，死了可惜,鸡腿很大，你忍一下[doge]
安小妮的皮克斯,1534050640,,这个项目我吴签投了，居然和word一样大
弃世冥灯,11279202,出卖我的爱,？？？700w的账号就像凭空出现一样
面-目,87692798,,第一！晚饭也是鸡腿儿[doge]
黑塔隆音,480164058,三塔永世不灭,某丑小伙也爱用这种标题[微笑]
备注7,617633160,,我这鸡腿很大，你吃的时候得忍一下[doge][doge]
我才是马文强,8743521,????,惠灵顿鸡腿
bili_287008489,287008489,这个人帅死了，但还是什么都没有写,恕我直言，也就呵呵
花一百块娶石原,473063621,请输入,黑粉实在太过分了，我觉得吴亦凡唯一错的地方就是太过于优秀，优秀的人总会被人嫉妒，总有些人看不惯比他优秀的人，千方百计的酸他。这几天非常伤心，感觉网络上为什么会有这么多恶毒的人，发条友善的评论于他们而言无比奢侈，网络暴力非常可怕，希望吴亦凡早日离开这个满是恶意的世界
百香果oai,223702335,,第一？
热满村,353065162,,大，忍，懂？
跳跳要戒龙,695624827,,这工序能赚钱算我输
轻歌-糖,1387577525,,[热词系列_这次一定]
轻歌-糖,1387577525,,绵羊，做一次我家乡的煎饼果子吧！
九黎van,454216688,,插眼[doge]
方大宝222,518526048,,绵羊用的这个黑锅是啥的……
搬砖泪,491840629,,V4大佬在此
不是胖达的胖达,632083964,妈妈说傻子才会读我的个性签名,[脸红]
莎丽娜蒙_,382221119,热爱,为什么有弹幕还说我们通辽呀[大哭]
SweetRain蜜雨,294892494,        每个人都有属于自己的一片世界。也许我们从来不曾去过，也许我们只在梦中见过。但它在那儿，总会在那儿。,为啥浓盐水会让肉保持鲜嫩啊
凌步nizko,496116914,,看起来就腻
多放辣椒少放醋,8327807,,[脸红]
叶桂123,1932688699,,教一下面包皮的做法可以吗
TOPICJety,12320423,无聊,想看绵羊做炸鸡块或鸡米花。
天空岛的爷,1664865033,,13796237799q
豆宝儿不是豆包儿,1438207315,,fire home
casshin,1764965,"Everything that is , was ; and everything that is , will be .",请问面包皮配方可以分享吗
妖幺尧曜瑶,6340236,,"我发布了一篇笔记，快来看看吧
鸡腿大包： 鸡腿： 除去腿骨，用火腿肠代替腿骨塞入鸡腿肉中，在用浓盐水腌制鸡腿使得入味，后用70度低温慢烤15分钟。 蔬菜： 菠菜汆烫后挤干打碎，混合面包...
https://www.bilibili.com/h5/note-app/view?cvid=14104839&pagefrom=comment"
吃个奶味钙片,84139866,啦啦啦啦啦啦啦啦,嘿嘿
水无清濑,835170,颜性恋,我好馋呜呜[保卫萝卜_哭哭]
哈尔的移动602,499217173,,"我发布了一篇笔记，快来看看吧
这次的鸡腿大包，一共做了10天。第9天其实就已经完成了拍摄，无奈SD卡老化，丢失了一个机位的素材，思考再三，还是补做了一遍。由于最后的成品实在惊艳，所以我...
https://www.bilibili.com/h5/note-app/view?cvid=14034258&pagefrom=comment"
M芋圆子,233576455,,大姨，我喜欢看原创菜品！！[打call]
零雪风,240804169,　　人在为了保护最重要的人的时候，会变得非常坚强。 & 白,在超市买的双汇火腿肠 打开闻着很臭[辣眼睛]看起来翻车了 再也不买火腿肠了
左旋山莨菪碱,674820,,就这封面，当时挂我B站首页一个多礼拜，去一次小黑屋仲裁看一次[笑哭]
大牌Vea,393609611,vae,[热词系列_燃起来了]
野人荀,32143225,外表上的柔情少女，思想上的女流氓～～,看完可以发家致富了，太棒了
它先惹我的,176487468,,鸡腿炸成烤鸭了，赚到了
梨子娟。,30922596,,@selectv10
坚挺的布尔什维克战士,356280535,2233赛高,手里的加了肠的方便面瞬间不香了[捂脸][捂脸][捂脸]
跑火车一级选手,39299181,快乐追星快乐磕糖!!!别骂了别骂了你爱豆糊穿地心辣,"！
好馋"
ttrredtffggvh,1848816851,,丝滑
我喜欢红肺不喜欢黑肺,580165344,从物理学的观点来看，热量会在所有相邻的物体之间传递，从高温的物体往低温流动。因此，当人体处于低温环境时，身体的热量会不断流失，直到人体和外界,话说“大面筋、铁板烧、臭豆腐、麻辣拌、鸡汁豆腐串、鸡蛋灌饼、烤冷面、烤生蚝、关东煮、章鱼小丸子、鸡排、凉皮、铁板鱿鱼、酸辣粉、热干面、狼牙土豆、涮牛肚、肉夹馍” 等街头小吃你们都喜欢吃的有哪些呀[笑哭]
你在海里,33681348,大家一起好好学习吧！,@这头狮子没尾巴
韵Ner,28994,,包装设计还挺好看的
叫我子晴就好了,12176685,^_^ ^_^ ^_^ ^_^ ^_^ ^_^ ^_^ ^_^ 真的有精神病，勿扰,我真的好想吃啊！！
P夕丶,352092871,,这个面包长得有点朱元璋
上山修路未风风,661144,养老中,馋哭了
keke2066,500827315,,那么哪里可以买到呢？
养鲲大户逍遥游,10240259,这个人确实很懒，什么都不想写,呜呜，好好吃，好好吃，救命，我好饿
亩氢_,1588414032,,我怀疑绵羊更新慢就是为了编她押韵到极致的台词[吃瓜]
工藤ヘ小森,324192721,,你吃塑料干嘛
阿信Asin,38067929,"你要是相信童话，童话就是真的
偶尔更新一些玩游戏的视频
最近长草中，没啥意思，更新非常缓慢注意",我真的好想吃[难过]
阿彦108,11667256,What i did today?,好香
-鼠鼠-,489245155,●--●,这一个得要多少钱啊[笑哭]
沉着冷静我们能赢,511704706,,这一个不得50以上？
煮豆奶燃豆萁,15551606,无友不如己,双汇值得定投[滑稽[支持]
加特林机枪豌豆,495447100,继续,数据库
蹦极,5597870,bilibili不知名up,哈哈哈
小鱼dd,1977814016,,好多软件都有关注，第一次来b站[doge]
岁月剑主,11960537,,这构造我看过，那本书叫原子弹基本原理。
万金油续命,87862489,,找个加工厂代加工？
a芒果味的菠萝呀,35258154,    选一种姿态  让自己过的无可替代,啊啊啊啊啊啊哪里能吃到555
wscvip,337746207,,巴黎贝甜真的出鸡腿面包了[doge]
端装的老楞,255178965,,香肠换腊肠就更好了
JOJO的奇妙站姿,2365101,233333,米其林居然免单，下次去我也点这个，看能不能捡漏
坐山观文,9166612,,"绵羊那么年轻那么美，仔细看又好像看到十年后的绵羊，依旧年轻,但变帅了。神奇！！！注意休息哟"
波波蚊,609111484,我是波波蚊～是个会让大家开心的阿婆主！,那么哪里可以买的到呢？
bfrey,337676670,,浓盐水泡过的鸡腿不会很咸吗？感觉像咸猪肉一样？
冯巩的王秘书,234513982,哈哈哈哈哈哈哈哈哈哈哈哈,bzzb
偶然遇见甚是怀念,377074248,,这是?披萨吧!!!
LeeBean,200403,,两个多月了，淘宝pdd有量产了吗
一个路人gg,405956734,,绵羊料理姐姐！！！
阿巴123ii,630134937,,大半夜看，都饿了
大佬别动我大佬,34961237,,我感觉没有炸鸡腿好吃[doge]
夙昔,435038221,一身清贫，怎敢误佳人,"up 是长沙的？
[思考]"
夙昔,435038221,一身清贫，怎敢误佳人,"up 是长沙的？
[思考]"
木偶华尔兹,12901456,,成都可爱的妹子？
泡水青柠茶,20058267,(￣￣)/,十天不会坏了吧[辣眼睛]
奥利给aaaABC,1876767907,,[藏狐][藏狐][藏狐][藏狐]
Frankybw,57811738,喜欢足球,@Bluetiatia
zkl今天练琴了嘛,267436368,热爱钢琴的工科生。上海交大本科信息工程专业在读。,有点像惠灵顿牛排
暴走么么茶,260305431,,盲猜这期最后得删。
迹部瑟大王,7988080,,哈哈我也是，永远喜欢双汇王中王，但是超市大多是卖金锣的
--芋泥麻薯--,1572541969,“须知少日云志，曾许人间第一流“,:【绵羊料理-62】【绵羊料理-42】【绵羊料理-1】
账号已注销,481020680,,今天我闲着就点开烹饪的标签，然后给吓着了，里面几乎全是绵羊的视频[辣眼睛]
云轩瑾瑜,1853483,,入口即化~
哔哔哩哩_丶,41714394,,姐，这一个不够我吃，麻烦再来一个！，好事成双嘛[doge]
----Agaras----,78519327,Lになりたい,馋死我了，没吃晚饭呜呜
嘿嘿皮仔,691789788,,一千万离谱
真的没有钱了啦,1915814277,,[热词系列_仙人指路]
云轩瑾瑜,1853483,,又好吃又好看
sevdxlz,383733729,,大晚上看饿了
elves99,81857208,,[doge]
Hauic,179769037,,突然发现绵羊和我导员长得有点像[笑哭]
清风-理想乡,45167373,,[蛆音娘_吃惊]
小黄同学fRic,354075446,......,百万点赞！
微以墨潼,45524403,试笔间无意落下的，是你的名字。,超级棒[大哭]
HANLIN-MC,436599529,,100万点赞合影
夏沫草之恋,381482214,,[请吃红小豆吧！_吃包]
双倍曲辰,11641525,,求你上市
满床笏5,550042335,,谁能给我指点下迷津，好看在哪里，有一千万播放[藏狐]
送你条祖传染色体,4077989,,自己炸完鸡排吃饱后再来看。。。
葡萄糖锌酸钙口服液,501353887,,我是来学语文的
CODM黑手,310217330,新人up，麻烦看完一????三连谢谢了,大半夜让我看这个
橘徕_,6539299,,吃肠的狮子
慕宸又连败了,646873181,,【绵羊料理-3】
傻傻懂,21046536,高高兴兴,能不能量产？真的量产我买
顾惜朝的小爱,1869028192,,播放量这么高？
歪歪歪脖咂,20513552,,"我就叫博志
看到后面我真的笑死了
以为再叫我吓了我一跳[笑哭]"
肥宅小张_Envy,2356829,,之水狂喷？？
劳理rolex,543941216,,真利害，这想像力和执行力不是盖的
清风醉酒雨,453012709,,@空城旧梦QVQ 给俺也整一个[doge]
易含EIAN,626403750,,猝不及防hhhh
夕阳下的咸鱼要上岸,27516098,不言药，不言仙。不言白日升青天。,真的想吃 大姨卖八十一个都想买的那种想吃
小白子豪,652441678,,爱谁谁
一只虎鲸-,24750571,,封面骗人
RURUKA_RUKAKA,28072409,日常摸鱼画画,搜了一下，保鲜膜真的不能放烤箱里面，sos[辣眼睛][辣眼睛][辣眼睛][辣眼睛][辣眼睛][辣眼睛][无语][无语][无语][无语][无语][无语][吓][吓][吓][吓]
九月末时,258779107,我知道你会来 所以我等,太牛了
YZ小橙子HYC,672877832,,[热词系列_三连]
飘羽梧桐,474902138,,每一口都是RMB减一[doge]
枫沼,244355074,尔曹身与名俱灭，不废江河万古流。,好大
影宝的小团雀,255432537,,[绵羊料理-58][绵羊料理-7]
wula乌拉乌拉wula,247239126,,如果我获了奖，就全不抽给你们[doge]
Bjrzjy,690715208,,完了看哭了
足智多谋的网友,1179316615,我很懒的，所以什么也没留下,看着好好吃
易二十--,535914262,山川思皓月,回来考古
纽约好姑娘,356556094,,卖吗 饿了
LX_LEE,306200155,,这播放量！
米缸精,2937543,是会跳高的亚撒西的正义伙伴,棉羊能不能开店[大哭]
解铃无需系铃人,502606021,,鹤岗一中的杨欢是啥子
小新新的游戏,500905509,,韭菜＝蒜苗！
牧晚渡,381367394,纯情charlie火辣辣,来复习了！
那就祝自己好好学习吧,594333418,哦,来复习啦
灼灼ur,316735299,,回来投币
lazynoob,13771397,Gamer,什么新垣结衣
有人看见我的苦茶了吗,173092770,,被美食区耽误的raper
绿码_,472440431,是绿码 核酸验过了 随便聊！awa,[热词系列_知识增加]
丁真珠,285076676,这个人很神秘,可以摆摊了
乌啦魔法,454596359,,啊真的可以买到嘛
Nadinesee,401393438,每天都在努力脱贫,抖音上有你的鸡腿大包了
童童熊萌萌哒,489055163,,666
JOLIP_,450974688,,[热词系列_饮茶先啦]
阿巴阿巴哈嘿,357667764,,69.9 粉丝那就一千一个
宇外御风,440611061,都到这儿了 还不关注？,[来古-疑问][来古-疑问]
阿尔法不会魔法,22294046,,着实不错，我也复刻了
丁小帅-,271741537,她说要带来黄金时代，让所有可怜的孩子都好好活下去,@君承jun 翻车得好好笑
庄周唱歌啦啦啦啦啦,335441349,,菠菜是绿叶菜，不能放那么久吧？会有硝酸盐还是什么，容易得癌症，你看三文治里都是黄瓜也没有青菜，我家绿叶菜从来不会留到下顿吃。
Mini-韩,1724176049,,把菠菜换成罗勒叶会不会味道更好[doge]
thilyhnc,1774953086,,"绵阳粉丝：
哈哈哈哈哈哈哈哈哈哈
ohhhhhhhhhhhhhhhhhhhhh
哈哈哈哈哈哈哈哈哈哈哈哈
ohhhhhhhhhhhhhhhhhhhhh"
胖嘟嘟呀_,262331783,,店铺在成都哪儿？
冬天多吃冰淇淋zzz,538924801,,厉害了
春欲暮礻,398612982,愿岁并谢  与长友兮,昨天做了 美美翻车 切开下锅炸挺好的[大哭]
作业是本体,439036385,我就是我，是颜色不一样的鬼火。,"绵羊是怎么做到食品质量高，更得又快的？！
你是生产队的小绵驴吗[藏狐]"
来杯卡布奇诺不要奇诺,163927225,"这里是果然，一个中二的沙雕马后炮少女。生米，hp狂粉。
是那种努力保持温柔体贴逞强但是会在没人的房间里偷偷抹眼泪的笨蛋恋人。",我也想吃
默森,89333643,懒虫，起床了。。。,火腿肠不能吃了
然而毕竟还是YEAH,17011347,,姨我觉得一般摆摊的美食重点都在酱汁，也能降低成本
一摊蛋白,34231251,这个蛋很懒，什么都没有写～,绵羊可以去微 店卖鸡腿大包的!邮费顺丰到付，定价六七十也会有人买的![热词系列_吹爆]
人生如茶般平淡,95056387,,コΞ匚
巴啦啦小魔仙之一,259628495,,我想知道这个的成本多少。。。
一根大香蕉吖,493957484,此时的香蕉还没有意识到事情的严重性。,措不及防
宁流苏,6693269,还等什么，做对的选择,前两天刷到的视频，今天就看到双汇被举报了
伏蕙香,228177898,前辈，献上我的钛合金膝盖！,好饿
沉溺这北鸟,434160831,洪荒.开天辟地！,加辣椒面估计味道一般
人间谋生,586172288,马上升三级,绵羊视频播放量前三全是肉食啊
刘宇儿同志,11842279,帅比是也！,好馋…
棠魇,521129384,。,"04.55
正片[doge]"
春红雨榭,27148865,"中文圈名 曲棠瑶
英文圈名 lunseiter
什么都会点但是什么也不精通
又菜又爱玩就是我",馋哭了呜呜
长白山精神病院S院长,104658070,,太简单了，花了六分半种我就看完了，什么都没学到，太棒了
Hioy盗跖,23802806,,能否把鸡腿换成羊肉?[doge]
神奇万在哪里,611518621,,我终于知道黄力元和雨哥吃的火腿肠哪来的了[doge]
嘀丶嗒嘀,239904420,,【绵羊料理-3】
是槿枫,443883425,,[原神_嗯]
哈维森有礼貌,1887598,,看上去好好吃
哈迷波特害得,525584280,,如果绿色的是海苔会不会更好吃
荧光胖次啊,286466924,,能买吗[辣眼睛]
120斤的小萝莉,403307136,,唉，勾起了我的童年的回忆，却又买不到了
anwiye,268929499,,好想吃到啊。
西红柿加,2030418489,,这是惠灵顿鸡腿吗[滑稽][滑稽]
究极进化棒,664943470,探索世界的人,人不错
RichieGF,615905366,IGN TW_CN_Family,xdm01:30hyp买东西声音hhh
AdvanceWang1,475452575,,"三连了三连了
[doge][doge]"
凹A凸人,204594478,,菠菜换海苔会好吃吗
别管我呢,41355490,"主要是开心，开心很重要
俊子连歌声都很明亮！",那个蓝色包装好看的！！
八神天照,279154,,G色的部分可以用蒜香u
垃圾演员垃圾剧,667190389,,注意一下弹幕礼仪，总有人在弹幕上发自己剩余的阳寿
破烂喉,33918613,新人up主,一千万播放量能有多少创作激励
天才羊羔羔,207901782,以自己喜欢的方式过一生。,混个经验
内存不够了呜呜呜,482548250,官方以后少给我推TNTCP视频，我都上头了还流鼻涕，但是不是不推，我爱TNT,"好消息:首页通知书；
坏消息:我白嫖了[脱单doge]。
理由:为UP三连需要消耗129KB内存，129KB内存可以下3个马里奥，1个马里奥通关需要23小时，1个马里奥通关后剩下2个平均每个要3小时，按照一寸光阴一寸金来算，一寸光阴是25分钟，古代的一寸金相当于现在的14万人民币，29小时为1740分钟，由此换算下来是243600000元，一个海景房大概是8000000元，可以买30套海景房。
所以up主你给我30套海景房，我就给你个三连[妙啊]"
艹嘤嘤嘤,527644391,奥力给,@生怪 给我做
丧病的排骨,5839553,可可爱爱，没有烦恼,这。惠灵顿鸡腿？
星空流光,19598923,,浓盐水泡过的鸡腿会很咸吗
皮蛋小嘿嘿,395855594,睡眠和失眠的距离只差一个你,不会馊嘛？不会发臭嘛？
xyz007007007,448177226,好好学习，天天向上,看的口水出来了
夜寻千,535011498,Seki,[热词系列_两面包夹芝士]
夜寻千,535011498,Seki,[热词系列_知识增加]
bili_81634412074,1657442674,,惠林顿鸡腿堡[吃瓜][吃瓜][吃瓜]
无用的深刻,155740294,,哪有卖？
改名才不会中奖吖,291519623,接原神代肝，B服官服都可以,我从家常菜那点进来的，阿B对家常这两个字好像有点误解啊！人人家里都这么做的吗？[辣眼睛][辣眼睛][辣眼睛]
野人新之助_,2117206408,,啊哈
昔日的梦想还在吗,88484425,童年到底是什么了...又在哪里？...我的童年又是什么了?????那昔日的梦想还在么？,自己做的不管怎么样都要吃掉[doge]
`星夜,329862656,,"我也想吃[喜极而泣][喜极而泣], 大半夜看的我好I"
埃克莱尔_法隆,89147802,没,道理我都懂 但是我想啃骨头[doge]
来大郎起来吃药了,431450696,,10天，好闲啊，哇哈哈哈哈哈
Unoc_,20253059,评论完就拉黑的低能儿，我的建议是多磨砺一下再发表评论，毕竟连别人的回复都怕的要死呢,大姨肉眼可见的胖胖了好多呀
馋你身子怎么了,43702956,,请问哪里有的卖
君似珩,470376511,盼日出,[绵羊料理-4][绵羊料理-4]
临松薤谷老刀,349260471,,八百万粉了？
临松薤谷老刀,349260471,,八百万粉了？
Monkiball,486214923,,"成本太高了
[doge]"
不吃橘子划水酱,384370611,猪猪一个,在哪买想吃
由比滨朋绘,437984165,Have you any idea why raven like a writing desk? ,我被推荐了20多次视频[笑哭]
bibi145,568902,,把鸡腿包做成我吃不起的样子[OK]
洋洋一百,1664270475,,哈哈哈哈
-莫辛-,36615866,我是布洛特亨德尔！,[委屈]
是一条泠,20743810,美是种情感，亦是我毕生所爱。,首页这个封面，绵羊，你胖了[吃瓜]
爱藤藤的好少年,30417343,爱我或者恨我，理由一致,绵羊妹子太厉害了！！！！三连了！！！！
哔啦吧啦轰,32042007,biu biu biu,这个项目我王多鱼投了
FanMisaka,473306500,哇，这里原来可以写签名,封面以为是御坂美琴cos[喜极而泣]
你在想桃子哟,31652621,夏日和风，我等冬也等你,你在想桃子[doge]
I代号9527,485016282,,脸是逐渐圆润了不少。[doge]
滑稽时代,1260962097,戒LOL小技巧,惨死我了[doge][doge]
NP-白C,325385655,404,怎么办 好想吃…
端粒粒粒,12831292,春天，我的眼睛化成一只鱼/我没有力气避免爱情,想出做出成品来真的太不容易了
陈小颖丶,350668033,,之前小翔哥那里看到cos版的
留风不住自清扬,334726059,,不胖成猪吗？
列文虎克不眨眼,627041154,好事多磨,我还以为一天吃十只鸡……[辣眼睛]
豪田表弟,4868558,,这玩意成本太高，售价也不可能便宜的，感觉作为小吃或零食来说不好卖
澄青天下,1434333540,,越来越像阿姨了
天照R神,11381750,,等一下。。。这UP 长的 咋跟 有个视频 叫 XXX 闺蜜里的 闺蜜 一样啊？？？
一只逊莫愁,690203787,一位不知名up，你的点赞是我发视频的动力,这不美食区有4个字的吗（老梗复活）[doge]
老隼人,416990178,,[热词系列_知识增加]
疯狂的小辉23333,26937642,真与善,太复杂了
嘿呀个嘿,95076396,,怎么买啊
小柏暴打姜鸽,399744276,希望有一场意外悄无声息的带走我,猝不及防
晓梓夜,277290827,,馋人
尘弥萧一,404434998,别了别了,这个鸡腿过了十天，还不馊吗？
浅浅晗,227483459,,感觉应该挺好吃的[星星眼]
香草恋味,38516860,数据优化小帮手,阿姨，这个好像煎堆！[呲牙]
是阿怪诶,34476634,,说实话，我想参加那个比赛，不知道结束没[doge]
三直正钢男,1869058,年少不知愁滋味,白天刷不到，晚上躲不掉[无语]
-Bravely-,381595647,即使孤身一人 也要努力前行,@_Backlo @吾吾nice @_Backlo @嗜血幸
JK_Vnim,17782207,猫猫兔兔和狗子,这可怕的播放量
绯夜_Heritage,454160558,,我看试吃点了个赞，觉得大姨设计的好也点了赞[doge]
实心泡泡,5359676,无公害社畜咸鱼,希望不要超过30？量产的话[doge]
风起紫罗兰,17150869,,"吃不到,怎么给币"
塑料面瘫,504202659,大家好我是一名UP????（此处省略一亿个字）谢谢大家的三连,祝你早日梦想成真
守护の精灵,22490769,,从封面上看，这鸡腿是橡胶制品！不能吃的啊[蛆音娘_无语]
我上班的话费,489523102,,嫩＝不熟＝生[doge]
Viv0_0,295555242,佛系更新,梦中情腿
是小夜,36106875,Q,什么玩意
青_梅梅梅,68847520,平凡无奇就是我,800万了[哦呼]
萝卜Leo-MC,2037472350,"我是萝卜，忠爱Minecraft，同时还是火车迷，并且拥有自己的网站，欢迎关注～
个人网站链接:https://leo2010.cn

",成华大道排到了二仙桥[笑哭][笑哭][笑哭]
TE魔域グ,1603097870,,这不得一毛钱一个。
007逍遥,424716267,,这个文案！！！！！！！！！！！绝！！！！！！
双刀老大爷,8594893,,本来不想点赞的 直到听到最后一句话 已一键三连
woc院长,43774685,,一千万播放量哎
萌狐桑,25123863,啦啦啦啦啦 这里是一只制作qiang乐的小萌新鸽子up 偶尔会搬运一些没人气的视频到站里_(:з」∠)_,好馋啊
搞大米喽,431093699,,我以为封面是在吃皮筋[doge]
巫铭与小说,21811625,好奇怪啊……世界与世界间的引力,香菜做调料可以的
巫铭与小说,21811625,好奇怪啊……世界与世界间的引力,[tv_馋]
湖与风,50279612, ,妈耶一千万了
恶魔波刚大战百度剑姬,26721492,,明天就上架[doge]
阿逭娣,1475835948,,可不可以直接将鸡腿煮熟再炸一下
江边里唯世,1470801283,,这就叫专业
凌凌凌凌远,496595107,,对比前两年，现在真的是好胖好胖[藏狐][藏狐]
浪澄,1471925850,,美食rapper
正正正哥,14605079,"咕咕咕
合作+商务 email：lin.zhu@hy-gwz.com",惠林顿鸡腿包
爷爷的司大,519317510,,这封面是否有点……
睽睽睽睽kui,174529521,早上好哦～,感觉大姨做东西和试吃的时候都是由衷的开心和幸福所以自己也被感染到幸福了呜呜，好美好
不知火妮露,2814593,动画・漫画・神话・语言・萌宠,蜀汉老鸡腿，小当家直呼内行[妙啊]
ぐ堕落丶天使づ,40563403,,你这是做了多少个，你好闲喔[doge]
我就选这个名字了,159209608,,惠灵顿牛排饭制版的感觉
日日丶月月,22580022,https://app.biligame.com/page/detail_share.html?id=102405&sourceFrom=2,耳朵觉得好长
HNX_Sun,11413140,,在哪里可以买到
我老婆叫绘梨衣,375811191,超越神的男人！,绵羊是长沙的吗[doge]
维生素d1290,1020592799,,浓盐水泡鸡胸肉会不会也是久煮不老呢？
何所哀,350921065,"  我们走后，他们会给你们修学校和医院，会提高你们的工资，这不是因为他们良心发现，也不是因为他们变成了好人，而是因为我们来过。

切.格瓦拉",山寨双汇
KyrieIrving__YGJ,52407709,QQ940074239欢迎骚扰,1000万！！
ki列那欧内桑,48038168,先定一个小目标，那就是天天开心,好想吃
明日不可依,442736669,,@真的不喝纯牛奶呀 快学
川川特A,13462181,,OMG这期破了1000w[热词系列_知识增加]
GREENDIPSY,1560092075,粉丝群695888075,在屏幕前吃方便面的我表示这啥完意[doge]
小心upupup,438789832,,怎么才能吃到呜呜呜呜
小池屿,617297726,,@NIULEI_磊磊
艾米莉亚的小粉丝,24873595,集中一点 登峰造极,拉了呀
宇智波多ye结衣,106310791,这个人很t，什么也没有写,周咚咚的大鸡腿
给未来的他写一封信,385821644,窗外球场很安静，数学课我听不进,我又吃不到[生气]
bili_95967550459,543911015,,1000万
bili_95967550459,543911015,,1000万播放了
yzuio,504254303,"up成分复杂..
error",就是说呢，我作为一个，一个就是B站的，的一个正式会员，然后呢，这边呢，就是需要给您的视频，进行一个什么呢，进行一个评论，评论就是，就是说我这边呢，这边就是要给到您一个反馈，然后呢，我这边就会，给到您一个白嫖。但是呢，我这边就是，看到您这个视频呢，就是不能给到您白嫖，因为这个质量呢，质量太高了，这边呢，我呢，我就会给到您一个三连。[doge]
卯月之下疾风散,363353412,"别让快乐走丢了它会害怕的
Don't let happiness get lost, it will be scared",怎么才能娶到绵羊[脱单doge][脱单doge][脱单doge][脱单doge]
够了三六,397109230,,为啥这么像原子弹小男孩啊？
LiaoDabb,28237638,是我：）,文案是不是太好了！！！一把子三连
御麒麟,17515863,,浓盐水腌制之前有视频讲过嘛？有没有大侠指个路？
何雄之爹,436431976,,我为什么不直接吃鸡腿呢。[doge]
临死前的微笑,415914699,我终会随风而逝,nb
禾木son,402428107,机动都市阿尔法咸鱼驾驶员机动联赛聊天群：933645454粥粥博士养老交流群:659228468,每次都是大晚上才刷到这个视频。[]饿啊啊啊啊啊啊
无相亲i,665133561,,1999年到2021年我就只喜欢吃肉包[doge]
冬日灬初雪,1047997219,hallo,那么在哪里可以买到呢[doge]
Alex_Skywalker,434980012,400mpb51.9 1000mpb2：49,这是真厨师
黄白小纸条,27657370,学习是第一要务,我进来就是想问问10天没馊嘛?
杀手我就是,17324854,非常的懒,热量爆炸，减肥人员请远离
无效NPC,37552149,,不好吃
歌者Ray,67857691,,土木工程毕业生现状
哦哦哦噢噢噢哦噢哦噢,678333917,,研表究明，人看在字时，会动自字将排好。不信你读重一下段这话，会就现发字全是都乱的[热词系列_知识增加]
碧ハ万,1920791036,,..
-不尽,436000852,,[一人之下_刀]
你是一生最爱,473756915,,来了来了
唔啊咿呀呦呦呦,1672519125,,小  心  小  潮
DOTA2萌新导师,14194226,DOTA2 ID：154559346,能量产么
被遗忘的夕,454279718,,鸡腿放了十天不会坏吗
Gokudera川泽,157684307,万物生长，又何曾顾及他人目光。,把封面看成美含姐姐了[热词系列_知识增加]
YeaHBESY,522580503,,[大笑][大笑][大笑]
鹿乃子w,2253179,摸鱼达人,在首页推给我的第10+次后我点了进来。。。。
追求能力者,490207211,,阿婆主，你有点圆了哦[doge]
声音都哑了你赔,20168908,,我发现了什么啊 快乐制造机  不愧是我 （撇嘞 明明是推送了）[星星眼]
zzzane_,399488950,,绵羊，搅拌器有链接吗[doge][doge]
小K甜心,1743154496,无法相见的恋爱-《你的名字》无法说出的恋爱-《声之形》无法触碰的恋爱-《萤火之森》无法陪伴的恋爱－《我想吃掉你的胰脏》 ,@伊丽莎白鼠   有一条可以用的鬼畜素材
奇奇冲冲冲鸭,396454765,风起云涌。,绵羊胖了
夏天的小庆,50945905,,绵羊胖了？
QSPIDER,1586883711,,太简单了 看一遍就知道怎么吃了[doge]太简单了 看一遍就知道怎么吃了[doge]太简单了 看一遍就知道怎么吃了[doge]
羽生结弦的未婚妻,1834899211,,好家伙，看广告的时候刚吃完一根火腿肠
小脑瓜袋子,35498222,少儿频道教育节目编导一枚。分享采访孩子们的日常，偶尔聊聊不严肃的教育问题，希望所有人保持童心。,粉丝定制，告诉我商品链接在哪儿？先给我来二十条大面包鸡腿
后跳带剑气气气,16853776,,为什么加了浓盐水就耐住了呢，有大佬科普一下吗
Adelejat,38559426,……~(～o￣￣)～o,大姨越来越肥美了[脱单doge]
晓蔓越莓,616471236,,绵阳，你胖了
大福妈和俩仔,23647928,,我想问下浓盐水的比例
贝里斯森,524157,从来就没有什么救世主，也不靠神仙皇帝,这一次羊厂长是不是顺手把惠灵顿鸡排也弄出来了
hhhhh大夏,266691141,ding,放了十天的鸡腿还能吃吗[微笑]
真人玩具,12038242,希望我的游戏能给观众愉悦的体验，投个币，关注我,本人专门研究吃不胖美食的[呲牙][呲牙][呲牙]
真人玩具,12038242,希望我的游戏能给观众愉悦的体验，投个币，关注我,这么好吃的东西要发福，不如来点生酮巧克力和鸡胸肉，或者加点海藻和魔芋脆皮
三个烧卖是全麦,348936675,"
当浑浊成为一种常态时，清白便成了一种罪",你怎么把鸡腿的吊带都给扯出来啊[doge]
独行的小舟,37926504,,啥时候上市呀[doge]
呦呦呦见花开,401899011,一直在学习,卖吧！我买
种花家百岁辉煌,1806574329,人在加村，愈发怀念祖国的美好一切,大姨真的明显的脸圆了
牛头人猎人_纯爱战神,490784957,,就我一个人觉得绵羊像张大仙吗[笑哭][doge]
Vignette丶,108149679,Watching from the sidelines,好家伙这不得50块一只
人屠军神,11370038,,我可以做了拿来做午饭吗
乡愁夜南,15968111,河岸夕影落下只见晚霞不见君，最后她对我说我在7年后等着你，天狗待宵花盛开祝你的愿望美梦成真。,《舌尖上的押韵》[脱单doge]
热爱夏天的ancor君,11734720,中二病。,突然感觉up好像灵能里的米里（小声）
阿巴巴kkk,1987220070,,在
吃荤的奥特曼,94185242,,这不得卖5块一个[喜欢][喜欢]
草鞋批发_刘玄德,407467430,闭关修炼,看饿了
相暮相思相别离,352975461,，,成本太高了，
野の狗,480108063,,[热词系列_知识增加]
江流绕汀,681048896,,炸了个棒槌[热词系列_可以]
Lihiu,643092907,,你是弗兰滴嘛
云玩毒奶,328326834,T-304   我是云玩，不是毒奶,封面是咬皮筋吗？
雾窗春色翠如葱,514649531,爱做梦罢了,猝不及防[脱单doge]
X醌曜霓颥,577533858,,欢迎来到绵羊A货工厂
濑名泉水真好喝,1819501347,    ,最喜欢绵羊的一点就是对待菜品认真的态度和精益求精的精神[支持]，走心了[给心心]
凉哈皮年轻有为,1170463134,阿巴阿巴,我有币，我不投，哎~就是玩
一亿以奕易义意懿,437701754,乖宝宝,请问加盟费多少
bili_93977906567,495432047,,这至少50
91401992823_bili,398630981,,好喜欢你啊[星星眼]
Dusk_落,1664103843,,浓盐水是去年那个最完美的鸡腿的配方吗[tv_目瞪口呆]
假唱要罚款-,296599525,学着怎么当一个UP主,好想吃绵羊的腿啊啊啊啊啊啊啊啊啊啊啊啊！
甲stone,1923987668,,厉害了，看了没想吃的意思
假唱要罚款-,296599525,学着怎么当一个UP主,好想吃绵羊的腿啊啊啊啊啊啊啊啊啊啊啊啊！
甲stone,1923987668,,厉害了，看了没想吃的意思
轻言析语,9266252,,大晚上的，笑醒了
没事就出门走走,325076192,,可以抽吗？
冷酸青柠,33794156,我抽奖关你屁事,要是换成玉米肠[喜欢]
萌新Video,15091287,萌新到，请多多关照，,这妹子比起2020疫情禁闭期那几天，胖了好多哦，
CC的肉肉,30814643,不会bb别bb,所以，到底哪里可以买
噜噜噜噜噜对对对,51749441,,大姨真的可以开个餐厅试试，可以先搞个快闪餐厅小试一下
迷雾中的一些灯光,22165404,定将今日之事，数倍奉还,一口油
要把满脑子的钱取出来,1870323485,未来可期,进你都
打坏蛋屁屁,26146928,懒虫虫一枚,看完只想问，这个鸡腿面包哪里买[doge]
青冥月华,10756759,别看！,绵羊大约对童年有些误解
学习过敏可还行QAQ,104446572,,我笑了，兄弟们还在问在哪里买，我直接一步到位，直接娶大姨回家[tv_doge]
简简简值了,6974416,,新人刚来。请问怎么样可以吃到[星星眼]
手撕二刺螈,103773629,梦即是现实，现实即时梦,是长沙的吗[笑哭][笑哭]
转生成为一个垃圾,452081002,这个人很懒 然后懒死了qaq,[脱单doge]
落叶又逢春,2117336271,在黎明到来之前，必须有人稍微照亮黑暗,hhh
汤也喝不着,1970307896,,来了大姨
廾壳基冻队,473359846,,真的好吃吗
麻辣烫不烫,3548750,缘，妙不可言,鸡腿汉堡
oc47com,386427936,,问题来了，哪里可以买的到呢
阿汀_fighting,439127858,人的一生应当这样度过：当他回首往事的时候，不因虚度年华而悔恨，也不因碌碌无为而羞耻。,??? 一段时间没来 粉丝800万了?就离谱[tv_doge]
rurululi,663237783,uuu,成都的？
汐恩的恩,31120160,"JO1 go to the top!!!
love shion forever",我就看了俩视频的功夫，up粉丝就八百万了惊[惊讶][跪了][跪了][跪了]
不正确打开方式,326761679,,我看你粉丝799.9万了，我就想点个关注看能不能给你凑个整数，结果还是799.9万，所以我又取消了关注
kiwikawi,24451965,VoxISmy外敷,[绵羊料理-30]
有趣的老母猪,455002981,,牛逼[doge]
心动再无她,490125347,,我才发现我和羊大姨竟然是同款键盘，貌似63.5[OK][OK]
小林家的李芸龙,482113463,,怎么感觉胖了一点
雪兽大人,404481505,,小手一抖点下三连，求安慰[大哭]
顺风空投送快递,13803356,,我饿了。。
墩布精,1210113669,闻声识女人,你开餐厅吧 一定去帮衬
3226546,36986011,,大姨快回长沙开网红店，我先预订一个加盟！
白衣啊W,115414874,世人皆萌，唯我独帅。,那么在哪里可以吃到呢[脱单doge]
Michael洋大锅,278929999,,这up主有料[嗑瓜子]
FLY0316,427526570,,精盐或许会咸，最好用粗盐
公仪栩生,262455477,,浓盐水会不会咸
穷逼一个就是我,70596269,一天不如一天,[雾山五行_真香]
小海浪君,348706948,你杠你对，随时拉黑,快千万了绝了
归梦杭,444478996,,阿姨阿姨，下次能不能做个简单点的鸡腿[笑哭]这个真学不来
浅析之地,2993784,,"鸡腿包（×）
芒果包（？）
柄式手雷包（？？？）"
红尘过客97,679179095,,看饿了[无语]
精神小伙灬啦啦啦,498387116,"捐发的精神小伙
",想吃
你这那够十五斤啊,290280894,,她为啥这么火啊
农场主大哥,448376779,,900万了！
静默之语丿日出,4230173,我这人不爱评论对错，只是个怀旧的人罢了……,你准备卖多少钱一个啊
AA王钣金喷漆,1844169,,[tv_色][tv_色][tv_色][tv_色]
幸-_,389248759,奈芙莲.,没吃过麻薯包[辣眼睛]
未闻音名,458149990,原来“哈哈哈”的意思是“我要有趣地变强”劳逸结合，慢慢变强中华儿女一家亲求同存异，建设祖国，一致对外，共同推动民族的进步,兄弟们，绵羊的表情包怎么弄啊？
逆天红神,1804327816,说你,你不会用海苔哈
肝王的日常生活,407061016,,封面厉害了
夜幕下的青色,323859889,,这个鸡腿大包我王多鱼投了[doge]
Tw1tch,4228844,庸人自扰,那可真是山羊放了绵羊屁---洋气又骚气[藏狐]
路明非那个衰小孩,296901288,这个人很很神秘，什么都没有写！,这鸡腿也太二次元了吧？
蓝秋剪映,1637206476,,哦吼
卡成狗狗,8405249,,绵羊什么时候开个店呀[跪了][跪了][跪了]看得到吃不到好难受
抽刀断水水乱流,14210685,咖啡配烟，虚度一天。,浓盐水是多浓？
cyfcyfcyf67,327031916,无量天尊,看封面我以为你用鸡腿做了个弹弓。。。。。。[tv_偷笑]
神迹丶,410016293,值得吗？值得！,跟着绵阳混，三天饿九顿[思考]
风起时我知道,625877310,,开个价吧！两个硬币够不够
海蓝见whale,66194725,这个人很不神秘，什么都写了,好饿
ponny酱,109329914,,看着像叫花鸡哈哈[狗子]
玲动少女,418069860,,绝了
只吃豆沙馅滴,457459707,,一听这口音就知道是湖南人[tv_坏笑][tv_坏笑]我也是hhh
V亚子V,1754211098,,噶杂妹坨何解还不胖？
9531lhj,40226339,,浓盐水是多少含量的水
中二骚年欢乐多,346178318,,就是成本太高[捂眼]
DW与乔温,393788466,,@有益菌菌
thus2019,486016602,,高手啊，真有耐心，要我早放弃了.......
摆门大长老,393650910,        ,热量炸弹
死鱼安乐10086,65366375,哇！这个人懒死了，居然什么都没有写,那么我要去哪里才能买到这样的鸡腿包呢？
linsteinlaw,3962205,,请问浓盐水泡鸡腿鸡腿会变得很咸吗
Oohun-,37791503,草骑没错是我,a
狐狸li狸,383313172,,您就是太太太乐是吧[狗子]
萨克森维滕堡公爵,4733607,,我们的大姨是单身吗
闲ケ人,400619810,分不清楚,每次看完大姨的视频，看什么都不自觉有了重音[辣眼睛]
青00云,234109612,花有重开日，人无再少年。,看得流口水[吃瓜]
闲ケ人,400619810,分不清楚,每次看完大姨的视频，看什么都不自觉有了重音[辣眼睛]
青00云,234109612,花有重开日，人无再少年。,看得流口水[吃瓜]
好机会鱼儿,457185111,,好看但不好吃
伽胃,76087878,光。,刚开始就觉得这不应该放热狗肠更好吃更搭[热词系列_递话筒]原来是猝不及防啊好嘛[热词系列_不愧是你]
P於我碗e的肉,84113071,@人很校什N也]留下。,请问哪里能买到[喜欢]
评论区普通评论员,348020099,父母在  是来处；子孙存  有归途  ,"麻了，这是个30岁以上的大姐姐了[吃瓜]

因为她的童年和我这个31岁的大弟弟好像一样。

这是我第二次看到同款了[吃瓜]"
等日落啦啦啦,97174345,,啊啊啊啊啊啊好想吃啊！！！！
21836893240_bili,383527076,,语文有点好
宇沐春风,845739,,经过这么多步骤火腿肠肯定非常好吃。
侣鱼虾而友麋鹿,7548610,好好生活，皆如所愿。,所以我好想吃啊救命！！！！
结草,7040888,八爷YYDS！！,鸡腿大包真的能买到吗？
熊咯叽,11609207,"日漫歌曲本土化爱好者（虽然很业余）
武侠歌曲爱好者
海虎系列漫画作品发烧友
有个配音梦
强欲，是个舟舟
喜欢老歌
不定时周更视频，立志出系列",完了完了完了完了完了完了完了完了完了!好饿啊!
虞鱼雩,452804126,,好想吃[大哭][大哭]
空岛空心。,28895589,愿你扬帆前进.K无悔,"花了辣么多时间精力.
换来了一个美味的！！GbL 、"
我该W了,26276419,,明天该吃桃儿了
未必え无法企及,501700065,,鲜香曼妙or入口即化[脱单doge]
迷你世界爱知识的乐乐,2028928240,,我建议你弄完芝士，再加一层沙拉酱，这样更好吃，我感觉你这个菜品肯定会上肯德基[打call]
策马江湖你不知,36738067,,这条评论原是给柠檬的[笑哭]
空白者a,438873562,,那里买？
不会再让你找到了哼,158264124,诶诶 干嘛不理我啊,什么时候开店[大哭][大哭]
zpy2016,30593589,,浓盐水要多浓呀，我也要去腌鸡腿
本多忠胜1024,181601808,,[热词系列_我裂开了]
抓子输了的小仙女,36395597,你好呀!,量产吧，我买!
橙墨很沉默,553293831,,第一眼看封面，还以为是两根竹签子戳着绵羊的嘴[tv_doge]
盖奥,678328597,,这样做出来算是黑暗料理吧
只只呜w,18593697,,不喜欢香菜可以放海苔吧
沉默的王二之林大树,474582090,,这创意，美食UP也算一号
乔司机_乔斯达,568194,"
",中间放咸猪肉蔬菜换成罗勒就是意大利菜了
教会白羊女,5806171,哈哈哈哈哈哈哈哈哈哈啊哈哈哈哈哈哈！,真的希望能有餐厅推出这个 好想吃[难过]
肥嘟嘟鼬卫门,45477558,,[打call][打call][打call]
zzy周志瑜,629059347,打死我也不告诉你我十二岁,大姨你变成鬼畜区的了吗？[妙啊][妙啊]
厌笔的书生,349745436,乍见之欢，处之不厌。,炸完会不会过期了
小景元气满满,491302598,                  又开始了不定时更新～,想吃
白糖加咖啡,57783416,,真是谁娶了你，娶了整个世界的美食[黑洞]
万国P者よ饨Yせよ,95099196,在我心里，孤独与寂寞有着不同的定义！,我把这个加入烘焙坊的菜谱，会不会收我版权费[妙啊]
才不是酱一盒,498907998,小号但是大号,我馋了我馋了我馋了我馋了我馋了我馋了我馋了我馋了我馋了
平川爱理,87999683,没事就喝点中药调理一下吧,饿饿
奶茶小饼干_,347408190,,我觉得把菠菜换成海苔会更香[doge]
于浪浪丶,25415742,,@绵羊料理 出一本菜谱的书吧
丿苟子,1846118602,,要赞就要赞嘛，你吼那么大声干嘛[热词系列_咕咕]
糖果杂货铺店主77,336782532,努力成长的糯米星球居民77（水平还处在视频拼接阶段）,[tv_doge]
口口贝少校,39399348,回归生活,[绵羊料理-1]饿死了饿死了
饕巨兽,383328208,个人娱乐账号，不定期断更。,双汇好吃
山海的诗人,438584505,心向南兮，无所畏惧！,hhh我居然在充电感谢名单里面看到了我的名字
怪怪的狸猫,325693114,,1
献给Levi的心脏,13129717,进击的巨人，阿松,好久没看大姨了，长得越发威武雄壮了
一维-,628726554,,我来预言，绵羊下一期做的是柠檬挞
叫我97,137264616,,谁还记得以前的王中王面包[鼓掌]，面包里面还带个肠
GilesAnthon,90596156,,谁是老公幸福
平安喜乐zc,41932105,,浓盐水是怎么做？
邪茗七,358715443,你是无意穿堂风,感觉真的会火呢
邪茗七,358715443,你是无意穿堂风,好想吃
草S杉斯Kusasans,444234160,草S京和杉斯的结合体(不是骷髅),"00:56
UP：这确实是小刀
我：你逗我玩呢？一上来就弄一把大菜刀（）"
loadinglee,379287396,,绵羊料理赞啦，看了口水直流啊！
只想睡觉睡到老,291068544,,没有人觉得大姨和陈梦很像吗[热词系列_知识增加][热词系列_知识增加][热词系列_知识增加]
又作怪,13525004,永远睡不醒,封面像马丽[doge]
碧翠石,34062926,,新鲜绵羊，体重加倍
这可杂整啊,5639127,,馋哭了
荻野泽溪,73278487,,对象说大姨像大仙。。。
甜橙干,336753049,顺顺利利！,好家伙 播放量和粉丝量一样
江哲海-N,25667574,,我想请教一下，怎样才能把肉馅调的很好吃？就是那种又嫩汁水还多同时吃上去也不会觉得淀粉放多了
大萌的猫爱吃鱼,8570618,sp,措不及防
孺青牛,303455560,,乍一看封面我还以为是贾玲
哒笑哒哒,93806706,一只喜欢看非正和野原新之助的小菇凉,这不是小时候称斤卖的嘛[微笑]
米饭三碗肉三斤,296860341,,这家里面没有5百万怕是吃不起哦
PGone很帅,215981409,,一个视频里 至少4次求赞？！
威邪带师,1565761093,抖音：威威大魔王    最近开始更新了 ，之前状态没调好 希望受到大家的喜欢 ,牛批，已三连
加把劲选手,197719275,成年人要学会消化负面情绪。,浓盐水是什么？是字面意思吗？
撕裂的阳光,350630542,我不怕天黑和鬼，却怕你心酸皱眉。,我想买一个！
宅男恋爱妄想症,105513112,,鸡腿:我罪不至此
沉眠水母,5653363,来不及,菠菜打咩！！！（震声）
Gentle_王,28741833,热爱ACG的程序狗一枚，请多指教,大姨，开店吧真的，我要吃鸡腿大包[打call]
丢你一个雷丘,1130656,,太胖了！[热词系列_知识增加]
涂鸦小F,1602322642,,这个项目我王多鱼投了[doge]
小旭吃不饱,18755137,WDNMD,冷知识:双汇不是中国品牌
网友路过ing,9997566,酷儿,大晚上刷到好罪恶[藏狐]
小旭吃不饱,18755137,WDNMD,冷知识:双汇不是中国品牌
网友路过ing,9997566,酷儿,大晚上刷到好罪恶[藏狐]
云归山有雾-,663970128,,这个项目我投了，我们要尊重梦想
桃汁喵吖,1022295188,喵呜喵呜～,建议白嫖党翻倍[doge][doge][doge]
小葱包,11569237,,摆拍还是不要使用纸盒子了，不环保
pumpkin110,38020930,,绵阳市胖了！
喵乐咪-LoftyCats,29627616,兄弟萌，今天宁重拳出击了吗？,封面马丽？？？[doge]
阿羁阿座,1567035011,,浓盐水泡鸡肉学会了
y,17828627,好运召来，水逆退散,好像胖了[滑稽]
能苗公主,487262068,,我天啊快点告诉我怎么买！
黑眼圈不要再爱我,1729115895,快乐星球原住民,@把小炸和徐必成抱回家
揉揉柔柔吖,435432176,,棒
我有神仙水,259132354,无所住，不可求,姐，你会理我不
不定数人生,318399849,,封面好像 尿酱 呀[哦呼]
明月下的L,472320541,,看到试吃环节，明明刚吃过饭，这又不由自主的饿了起来
全世界最好的聪敏,18459015,B站是视频朋友圈,下一个亿万富翁马上要诞生了
小小枫呀枫,437349784,,文案是真的绝[给心心]
momo-ian,145696828,哒哒哒的吃货！,做福建柘荣牛肉丸
莱-宝,526212949,袁老走好,看封面我一瞬间看成了一个迪士尼动画的小胖子在吃鸡腿[捂眼]
