name,id,sign,comment
中国传媒大学,95503301,定福庄海底捞大学 | 投稿邮箱：cucbilibili@126.com,哇树梢姐你好瘦啊！你脸好小！哇你好高啊！你好美！[害羞]
鬼畜区一片新天地,350560090,柯南直接燃起来了,"在上海
你连一百元都能花好几天
因为
你根本不想买炸串[滑稽]"
黄色黏菌,12800704,噢耶！！！,倒回去看看了眼曾经的母上，不敢相信[doge]
Zeki_,13491653,,"以下为锦州炸串价格各家店不一样价格可能有波动 
自制小鸡排.15
豆皮金针菇1.2
小鸡肉1.5
实蛋2.0
自制排骨串1.8
面筋1.2
干豆腐卷香菜1.5
自制鸡皮1.2
鸡腿肉2.5
包心鱼豆腐2.5
蟹棒2.0
骨肉相连2.5
金丝鸡柳3.5
面包片2.0
鸡排2.5
牛排3.0
鱿鱼爪3.5
黄金土豆1.0
豆干0.5
鲜蘑1.0
大头菜1.0
茄子1.0
香菇1.0"
睡不着的夏日山,8720203,感谢经历.,计蒜机杨女士就位 今天的蒜呢？？？？？？
小蘑菇,96038101,,沐上瘦的时候真滴是男神啊！现在只能当男神经病了[滑稽]
躺平旺仔,9984829,一个再普通不过的普通人儿,树梢还在锦州吗！快去吃巴黎豪苑那的渝味村啊，贼好吃美团有的那个团购就非常实惠了！对面滴民营小吃部猪蹄也贼好吃！
色色殿下,20203866,,木上同学，岁月对你做了什么？？？？？？
qianqianks,34616486,cheer up,这里锦州人。第一，强烈推荐锦城一锅的羊蝎子，推荐点纯羊尾巴锅，加个面片儿。第二，还有锦州海鲜种类多、新鲜又便宜。可以尝尝这边的煮蚶子，菜市场买个五块钱的，然后白水煮或者蒸，很简单很方便，就够一人份了。新鲜的海鲜真的是什么都不加就好吃，蚶子肉特别饱满，入口带着一种自然的甜，每次回家都会吃好几顿。然后拍照发给别的地方的同学，别人越羡慕、越吃不着，我觉得越好吃哈哈哈哈哈。[doge]其他也有好多种别的海鲜，多尝尝。 第三，我听爸爸说这边海边有那种现场选海鲜、现场烹饪的地方，直接从海边的养殖场捞，捞完现场做，真的很新鲜。听说可能比较贵、性价比不是那么高，不过也是独特的一种体验，偶尔用来招待外来的客人。暂时想到这么多，其他的什么信息欢迎来问。ps：其实我每次回家前会写张单子、然后回家按这张单子吃哈哈，肯定有很多好吃的，但感觉可能不够锦州特色（其他地方的可能更有名）所以没包含在内。祝盗月社越来越好！能来我的家乡真的太好了
努力的猫咕子,231849430,鸽子属性，习惯深夜乱逛,在？为什么美食区阿婆主都喜欢晚上出没。想馋死你家粉丝？
看到我请叫我去刷英语,179503360,,骗人的吧，我不相信那是母上！！！！差太多了！！！
老咸鱼无名,10122018,,有没有锦州的 来举个手[画风突变][画风突变][画风突变]
四棒强打,65503800,,看过视频之后去吃了，非常失望。东西很贵，鱿鱼5块一个，和外边2块的一样。那样大小的鸡排竟然要10块。有个鸡柳还有头发。服务员素质很差，把油滴到同伴身上，不先说对不起，一直说没事没事，没有油。我们问她衣服弄脏了咋算？直接你脱下来给你送干洗。你咋不当场把衣服脱下来呢？脑袋有包吧。这是出名之后开始下道了啊。这小破门脸没干几天就开始店大欺客了？外地的朋友来锦州，如果想吃炸串可以去其他家试试，有很多比他们好吃的。别去这里找气受了。
哇是球球吖,334385881,,一个地地道道的锦州人推荐你们去吃荣鹏烀饼 金家冷面 附中西门土豆豆皮 古塔大润发凉皮 千盛qq鸡架 烧烤的话其实往往是那种无名的小摊小店最好吃 因为街边撸串的感jio 还有白楼炸鸡 夜市的许家烤冷面 还有夜市有一家排队很长很长的章鱼小丸子 他家特别火 还有锦州超市都有的锦州双八酸奶！！！！！
KONG822,18363814,终于是会员,你们可以出一个系列，就是如何让沐上变回以前帅的时候
5s啊5s,242159773,我是个,我只想知道母上最后说了个啥？
中国传媒大学,95503301,定福庄海底捞大学 | 投稿邮箱：cucbilibili@126.com,哇树梢姐你好瘦啊！你脸好小！哇你好高啊！你好美！[害羞]
鬼畜区一片新天地,350560090,柯南直接燃起来了,"在上海
你连一百元都能花好几天
因为
你根本不想买炸串[滑稽]"
黄色黏菌,12800704,噢耶！！！,倒回去看看了眼曾经的母上，不敢相信[doge]
Zeki_,13491653,,"以下为锦州炸串价格各家店不一样价格可能有波动 
自制小鸡排.15
豆皮金针菇1.2
小鸡肉1.5
实蛋2.0
自制排骨串1.8
面筋1.2
干豆腐卷香菜1.5
自制鸡皮1.2
鸡腿肉2.5
包心鱼豆腐2.5
蟹棒2.0
骨肉相连2.5
金丝鸡柳3.5
面包片2.0
鸡排2.5
牛排3.0
鱿鱼爪3.5
黄金土豆1.0
豆干0.5
鲜蘑1.0
大头菜1.0
茄子1.0
香菇1.0"
睡不着的夏日山,8720203,感谢经历.,计蒜机杨女士就位 今天的蒜呢？？？？？？
小蘑菇,96038101,,沐上瘦的时候真滴是男神啊！现在只能当男神经病了[滑稽]
躺平旺仔,9984829,一个再普通不过的普通人儿,树梢还在锦州吗！快去吃巴黎豪苑那的渝味村啊，贼好吃美团有的那个团购就非常实惠了！对面滴民营小吃部猪蹄也贼好吃！
色色殿下,20203866,,木上同学，岁月对你做了什么？？？？？？
qianqianks,34616486,cheer up,这里锦州人。第一，强烈推荐锦城一锅的羊蝎子，推荐点纯羊尾巴锅，加个面片儿。第二，还有锦州海鲜种类多、新鲜又便宜。可以尝尝这边的煮蚶子，菜市场买个五块钱的，然后白水煮或者蒸，很简单很方便，就够一人份了。新鲜的海鲜真的是什么都不加就好吃，蚶子肉特别饱满，入口带着一种自然的甜，每次回家都会吃好几顿。然后拍照发给别的地方的同学，别人越羡慕、越吃不着，我觉得越好吃哈哈哈哈哈。[doge]其他也有好多种别的海鲜，多尝尝。 第三，我听爸爸说这边海边有那种现场选海鲜、现场烹饪的地方，直接从海边的养殖场捞，捞完现场做，真的很新鲜。听说可能比较贵、性价比不是那么高，不过也是独特的一种体验，偶尔用来招待外来的客人。暂时想到这么多，其他的什么信息欢迎来问。ps：其实我每次回家前会写张单子、然后回家按这张单子吃哈哈，肯定有很多好吃的，但感觉可能不够锦州特色（其他地方的可能更有名）所以没包含在内。祝盗月社越来越好！能来我的家乡真的太好了
努力的猫咕子,231849430,鸽子属性，习惯深夜乱逛,在？为什么美食区阿婆主都喜欢晚上出没。想馋死你家粉丝？
看到我请叫我去刷英语,179503360,,骗人的吧，我不相信那是母上！！！！差太多了！！！
老咸鱼无名,10122018,,有没有锦州的 来举个手[画风突变][画风突变][画风突变]
四棒强打,65503800,,看过视频之后去吃了，非常失望。东西很贵，鱿鱼5块一个，和外边2块的一样。那样大小的鸡排竟然要10块。有个鸡柳还有头发。服务员素质很差，把油滴到同伴身上，不先说对不起，一直说没事没事，没有油。我们问她衣服弄脏了咋算？直接你脱下来给你送干洗。你咋不当场把衣服脱下来呢？脑袋有包吧。这是出名之后开始下道了啊。这小破门脸没干几天就开始店大欺客了？外地的朋友来锦州，如果想吃炸串可以去其他家试试，有很多比他们好吃的。别去这里找气受了。
哇是球球吖,334385881,,一个地地道道的锦州人推荐你们去吃荣鹏烀饼 金家冷面 附中西门土豆豆皮 古塔大润发凉皮 千盛qq鸡架 烧烤的话其实往往是那种无名的小摊小店最好吃 因为街边撸串的感jio 还有白楼炸鸡 夜市的许家烤冷面 还有夜市有一家排队很长很长的章鱼小丸子 他家特别火 还有锦州超市都有的锦州双八酸奶！！！！！
KONG822,18363814,终于是会员,你们可以出一个系列，就是如何让沐上变回以前帅的时候
5s啊5s,242159773,我是个,我只想知道母上最后说了个啥？
小鱼干不赖床,38326339,,说好是大佬饿了，怎么光看母上和杨姐吃了
伯恩山会有的0632,38288600,苟非吾之所有 虽一毫而莫取,这期拍摄的是沐浴露！！！
拾贰异,41617650,业余画手，也不是打印机。,我当初是因为沐上的颜值关注盗月社的，那时还觉得这位老哥挺帅的，结果现在[]。
源儿萌萌哒,62827255,今晚，月色真美。,最后母上说了个啥……回放了好几次硬是听不清[无语]
想在屋顶搭张床,21219500,"不吃香菜
喜欢面条",考虑黑龙江省佳木斯市么！（虽然没什么特别特色的，但是还是很好吃）[大笑]
徒字,47260096,"





































































",真的是一胖毁所有，看着曾经照片里的我，喝着快乐水的我流下了悔恨的泪水
吃哈密瓜不理哈皮,11746421,你都没有努力到开始拼天赋的时候,"来来来 让我带大家去考古[doge]
传送门:https://b23.tv/av11255457
https://b23.tv/av11132398"
坨地英子,29530987,,父爱无声
散人胖次两米八,3374936,好生气哦，把蛋成仙儿装进胖次┓(　∵　)┏,想去锦州吃炸串了…………请问有锦州的小可爱吗？想问问十二月或者十一月中锦州有什么景儿么？或者可以靠吃东西逛两三天也行，谢谢（鞠躬）
是千野欧,381152119,我很懒,"想骚话中...
想到骚话...
骚话加载中...
骚话加载33%...
骚话加载66%...
骚话加载99%...
骚话加载成功...
你们好胖啊[doge][doge][doge]"
船票who,24679640,新人多多指教,树梢真瘦！母上真帅（
超级善良的我,385103263,这个人一点也不懒，写了点东西,不可思议，这个竟然是盗月社播放量最高的视频！
R3FU,327186786,我老实人今天就不老实了Y(^o^)Y~,"曾经的沐上
现在的沐上
岁月果然是一把猪饲料[滑稽]"
开糖果店的小兔子,16420369,微博：开糖果店的小兔子,快去吃鲜味冷面里的咸口冷面和拌菜，锦一顺炸鸡，黄四烧烤，杜记馄炖里的棋子烧饼，锦州干豆腐、锦州小菜、沟帮子熏鸡和猪蹄能带回去的锦州特产。还有什么等我想起来再告诉你们
宕笫,423274,,老锦州告诉你 去吃杭州街炸串 比这家好吃的多
啊喔是吉吉,251863024,**冲冲**,最后沐上说的啥？？？我没听清[大哭]
三刀天下第一,19008990,,我大锦州的竟然是播放量第一[嗑瓜子][嗑瓜子]
NAN某,34207279,“一切都在计划之中”,你敢质疑我？信不信我把你烤了[doge]
这是朝辞你知道的,10899518,不后悔且快乐,这个时候大家还不用戴口罩
--小刺--,155364715,哈哈,一人血书求树梢沐上来内蒙古
您好美啦,412871784,,东北的麻辣伴必须走一波啊！！！（一定要是抚顺麻辣拌！！！！！）推荐一个小店 辽宁工业大学东门有个小莲麻辣拌 灰常灰常好吃 吃了大学四年
朝珑山,297219725,,沐上也太帅了吧……[画风突变]
阿阿阿阿阿瞎,27484532,饮冰十年，难凉热血,啊啊啊树梢你好瘦!!!你好美!!!
肥西金城武,5839639,土肥圆一枚。,一直没问 盗月社这个名字啥意思
千万粉油皮主,1997681143,什么都想当的人就得把什么都去掉，,辽宁方大集团捐赠2亿，疫情期间捐2亿，低调没宣传，希望东北被更多人看见，帮忙支持一下宣传，谢谢谢谢！
嘟嘟嘴巴,299582724,,看完弟弟，再回头来看看母上的高颜值照片~嗯……确实是兄弟俩
淡雾云曦_,39574304,,[滑稽]沐上同鞋成功的告诉了我们“一白遮三丑，一胖毁所有”的经典人生哲理
盗月社六骑士,23150479,,1分20秒高能预警
丶小博丶,8344165,,"来哈尔滨阿城区啊，有好多好吃的，碳烤碟鱼头，刘二郎烤骨头，八号楼烤猪手，诸葛烤鱼，街边烧烤，晓春烤羊腿，二胖烧烤烤胸口，喜相聚烧烤，二厂烤肉，东子石锅烤肉牛骨锅，焰之道烤肉，金源文化主题的老韩杀猪菜
以上都是非常火爆的店了，还有戈纳尔火锅（炭火紫铜锅，铜火锅是古董）"
突然打得过俊不俊,66829927,,北镇猪蹄（厂里现做出来的好吃），黑山大豆腐很香，义县八大碗（就是特色而已，味道一般般），锦州夜市各种小吃，还有荣鹏烀饼，来锦州必须得吃烧烤啊
隔壁班的刺刺,360676370,,晚上吃，只要没人看见，就没有卡路里（zi欺欺居）[奸笑]
分手为啥拿走锅巴,94336429,,作为锦州人 不知道这是哪 哪位大佬给个坐标
肆沐turbo,22799046,,今天是不是沐浴露拍的呀
SingBest_Yoci,94087448,"开录音棚的
系统学习/买歌卖歌请加（本人回复）：Euphoria-x11
商业合作：yoci666@qq.com
诚邀音乐区Up主合作","请从吏夜归
你可知好里
们西书不到
结子梅时别
婚娶殊未毕"
nsksndhxnwxnskns,15117914,,锦州人来了！！育明高中门口（隔一条马路的居民楼里）拌豆皮儿巨好吃！！！巨好吃巨好吃和夜市的不一样！面筋板筋豆皮儿土豆海带啥都有，回家最想念的就是这一口
bellize,67097957,????,大学是辽工大的，放假就会溜来锦州吃夜市小吃，火车票不贵，一个小时就到了。辽宁这边烧烤炸串一绝，我最爱吃炸鸡皮！油香油香滴[打call]抚顺麻辣拌也好吃！我爱吃甜口的麻辣拌嘻嘻嘻 东北的老板们也都贼热情，一口一个老妹儿称呼我们哈哈哈。可是今年疫情毕业没能回学校，还想再看看同学们，再看看葫芦岛的海呀
老修兄弟,13143712,没错，我就是你们的老修兄弟,锦州人来了[doge]
香草五月,39815463,我是坏橘子,上海路儒林公馆东的大鹏炸串，他家的炸鸡珍最最最好吃
一颗虎牙大馒头,13778544,一个称职的腐女子～,沐上你给我瘦回来啊喂！原来太帅了吧！[大哭][大哭][大哭]
会卖萌的暮色,11404611,,推荐齐齐哈尔BBQ！！！！
哗华华华华,24972873,干饭干饭！干饭要用盆！,母上真的帅呀，年轻的时候，岁月是啥啊[小电视_发愁]
小王先生如是说,22020514,内无武器，请勿疑虑,青岛哪家啊？我怎么没印象呢？
狗狗狗狗楠,146627501,头像是本人。,你们这样吃，一天花我这么多钱，这样不行的，不如我们……
大元素使---拉克丝,23222584,萌萌哒的LUX,"母上你好瘦啊
为什么没人夸母上呢[奸笑][抠鼻]"
鬼畜区一片新天地,350560090,柯南直接燃起来了,"在？
建议吃鲱鱼炸串[滑稽][滑稽]"
哈尔的移动602,499217173,,"我发布了一篇笔记，快来看看吧
这里锦州人。第一，强烈推荐锦城一锅的羊蝎子，推荐点纯羊尾巴锅，加个面片儿。第二，还有锦州海鲜种类多、新鲜又便宜。可以尝尝这边的煮蚶子，菜市场买个五块钱的，...
https://www.bilibili.com/h5/note-app/view?cvid=14561897&pagefrom=comment"
污力馒头菌,38739838,看完了吗？嗯？我是什么成分？,这期看了好多遍[向晚_星星眼]
我不是麻瓜da,40112711,￣へ￣,蜜雪冰城哈哈哈哈哈
_我是小阿顾吖,12231036,我见诸君多有病，料诸君见我应如是。,冷面！！！！！！呜呜呜呜呜呜呜呜呜呜呜呜呜吃到最后还有点面的时候喝一口汤带进去几根面 绝了呜呜呜呜好想回家呜呜呜呜
william9587,103518921,,今天同事刷到这个视频，话说这不是我家楼下吗[喜极而泣]。
珊瑚m心海,108034031,看的东西很多/女团博爱（世界上真的会有人不爱美女吗）,千寻父母……第一眼看到这条弹幕还没啥感觉，然后反应过来之后真是爆笑哈哈哈哈
威猛戴夫,26579112,,[奸笑][奸笑][奸笑][奸笑]我不行了，今天不减肥了先
脑袋瓦特特了,19058491,bilibili认证:咸鱼一枚,震惊，大佬风评被害，这究竟是树梢的扭曲还是母上的沦丧，让我们跟随镜头一起走进500斤大佬的内心世界。。。[doge][doge][doge]
咏疵疵催,19605176,你猜窝猜不猜,"常吃油炸食物的人，他脸上会有什么？
笑容！"
莺雀,27216424,兜兜转转,爱情就是在一起吃好多好多的东西
阿一古阿怪啊,259092135,https://space.bilibili.com/259092135/fans/follow,母上，你经历了什么！！！
嘻咦哈虾,247880521,这个人懒死了，什么都没有写,我们至今还未知道母上最后说了什么
这好像是一个昵称,387673748,,"海边玩（划掉）
海边吃（√）"
今天有努力哦,104244782,我不懂我们是否有着各自的命运，还是我们生命中的偶然，像在风中飘，或许两者同时发生。,锦州人出来打卡
睡五百年可好,21839196,看看看 追追追,阿哈哈哈哈 你没听见吗 父爱无声[呆]
onionjin,4027325,,五中附近的缘部落麻辣烫啊！！！去吃鸭！！！还有街对面的太锦玩茶局的奶茶，巨好喝，老板台湾人
幽先苏恩,471304428,反对北约，反对台独,人在锦州上学，但是封校了[保卫萝卜_哭哭][保卫萝卜_哭哭][保卫萝卜_哭哭]
天地壹咕,2189345,意义存在于生命的每一个角落,19年好啊……还是19年好啊……
东泮Dom,26063782,唯有美食与爱不可辜负,花了三天的时间，追完了盗月社连续剧。
橘子味的奥润治,52102696,,吃胖了算工伤不[doge]
害明天再减肥,326379590, 吃了嘛？没吃下次请你吃饭,晚上了，我也看饿了
我听到啦_17,20728982,,好尴尬 刚刚流了一滴口水 被同事看到了[笑哭]
倒拔垂杨柳の黛玉,488243592,这勃勃生机万物竞发的境界就在眼前啊,你爱我我爱你蜜雪冰城甜蜜蜜[doge]
切尔西卡贴机,82419974,,这个店肯定有人支招去的位置偏，这是锦州最贵最有特色的店
清野时澈_,12021885,青山一道同风雨，明月何曾是两乡,想家了，就地过年个屁，好想回家，想回家吃东北的炸串，还有蘸酱菜，还有锅包肉，地三鲜，杀猪菜，熘肉段，挂浆地瓜，烤冷面，汆白肉，蒜泥白肉，还有蒜泥血肠，55555想回家
雾花果,326122791,,起来吃早餐的时候看的，睡了个回笼觉，梦到吃炸串，又饿醒了……
衣冠擎狩,34151603,我这个人很懒，什么都不想写。。,要是在沈阳就好了
是草莓味的小仙女呢,471446878,,东北炸串的量好棒，羡慕
杀了你呦呦,279955552,,？？？？？这男的以前也太帅了吧！！！！！！！！
Muuuuuuu穆,176064083,,我想看你们“吃”海[doge]
您好美啦,412871784,,哎炸串还是我老家的好吃 是蘸着卤吃 不是像他们刷酱 真的巨香 我家门口的炸串店真希望树梢和沐上有机会去吃
柠檬金仙,12274173,,大佬是谁啊！！！[粽子][粽子]
杳一口,19487196,,我突然发现......微博刘一杭行和沐上有些神似
星星喜欢薯片,92624055,相遇之后，定不辜负  随机更新,大晚上流口水，真的无法抵抗油炸食品
换个名字这么难取鸭,298075044,,最后说的是：父爱无声[呆]
西瓜的爪爪,34644543,bb空间,卧槽！大晚上给我留条命吧！！！
意意西木,4648902,热闹是他们的，我什么也没有。。。,我的个老天鹅呀！沐上是经历了什么呀？完全两个人！
水工xz,324438426,,母上怎么那么帅 岁月真是杀猪刀
长春组,342827071,,桌上那罐珍珍都变成矮胖的了，人能上镜吗
AMoBrL,44661160,,"整个片子全看完了，心里有很大触动，迸发出无数的热情，让我有一种感觉一定要做点什么的激情!

于是，我在床上翻了个身"
长草的红糖,37910479,我好饿,啊啊啊啊啊啊啊啊啊啊啊啊好早！
爱吃的灵魂不会瘦,1648718400,,强烈建议来成都啊，这里的炸串太好吃了，来找我带你们吃巨好吃的一家炸炸
寄个春天hana,483998061,,想去锦州吃烧烤！[tv_色]
法斯不温暖,359445486,御天之骑，铭刻编年，此时此刻正是极致之时。,嗯
Standby2333,1331809554,,吃给你们看！
世间一切虚幻,678823471,,想看，东北挠儿哥  小味挠挠的
熠熠生辉的小光芒,65626216,,越看越饿
~梓酱,21223553,,隔壁小孩儿已经哭哑了[酸了]
kakukaen,17667457,,大哥太可爱了
宇宙无敌小可爱点点,19124733,等心态好了就发布点点生前视频，纪念九岁的猪小点狗弟弟,这集我看了十几遍了[doge][doge][星星眼][星星眼][星星眼]
计然如铁,529787799,,[大哭]做买卖 和打工需要牺牲，做美食自媒体 也需要牺牲，这么多脂肪 啥时候能消耗掉[大哭]
vv软甜啾咪w,50485160,,[打call]
笨儿猫,433327827,,来潍坊吃 王记肉火烧 麻辣串卷饼 老虎拉面
十八楼女模特小红,663282654,念念不忘 必有回响,都来考古了？[灵魂出窍]
SoberK-,72024341,哈哈哈哈哈哈沙雕网友,你爱我我爱你蜜雪冰城甜蜜蜜
丨混沌理论丨,301078108,,健康和香你选一个吧，我选香[doge]
白藏酱,1043298825,,纯路人，这是凤凰传奇吗[脱单doge]
向日葵很漂亮,1878793992,,"969万！哇！今年会不会破千万呀！
（我现在有点心慌慌 感觉见证历史了）"
_swamp_,437011619,,@HP-L
拿铁怪,2128011,不和小学生讲话,刚刚！
空白爱学习,1883594316,,友情提示，1min22s高能[打call]
MAYDAY五月的天,18176426,一只五迷,hhh听到了你爱我，我爱你，冰雪甜蜜蜜3:36
秋山仙人,2780088,本人续写《武林外传》的原创小说《武林外传之后四十回》正在番茄小说火热连载中，求求各位腐竹们支持啦！,来淄博试试正宗的鲁菜
鸽子写手时光,247926493,6粉uP,"就这量日本能卖一天。[doge]
蘑菇给你拆成20份卖。"
smoker木星,74337085,天下第一圣母+理中客就是我,我其实之前不太喜欢看吃播的，结果被盗月社吸引住了[笑哭]刷了他们好多视频，结果发现他们播放量最高的一期居然是来我们锦州吃炸串[哦呼]
今晚不让你入睡-,1105365225,,油炸食品和渣男一样，虽然垃圾，但是香啊[嗑瓜子]
镇驹虹,162941654,咕～,长春哪里烧烤好吃呢？
yuziwyj玉子,190662305,更新中:梦汤姆，有时会为一些事情发声,我男朋友能抵抗，我不知道他胖胖的但是吃的不多，我胖胖的一天5顿[]因为他妈他对美食已经没有欲望了
Scopus,7168360,... ...,你俩不在一起，我就跟老婆离婚！！
嘉骏好好练球,378478444,,一串鸡胗子5块 卖的越来越贵了 上菜等了半个小时 点串问价格从来不回 体验越来越差了 越来越像网红店
纯爱的赞颂者-,454292935,尽力燃烧吧,我就不该在半夜智齿疼的时候点开这个视频，我要升天了[阴险][阴险][惊讶]
太阳终下山,439883857,,考古了
咕咕咕顾柒颜w,54279936,"都说世上十分温柔 
八分是神爱世人
 而你是漫天星河
 是温柔本身",大晚上的给我馋傻了[tv_大哭][tv_大哭]
高高飞起来啊-,667093650,,地址在哪里呀
loseralways,407824192,,来扬州吧，世界美食之都，淮扬菜之乡，不会让你失望
喜欢你prprprpr,228461415,,女主像赵薇
我是刘凡夫,14671975,人间一玩家。尘世一凡夫。,我也是老粉了，默默问一句二位是一对么[笑哭]
铁血皇朝,28452092,不定期更新的肥宅绘画者,锦州好吃的可多啦，这个老狼的炸串有年头了，鸡腿饭好吃，冷面也不错，还推荐你们吃唐鸡头的烧烤，延吉烧烤，迟家冷面，肥瘦盒饭，二奎碗饭，原味斋盒饭，解放路豆皮鸡架，太多了[OK]
托清风寄讯ya,481617552,,每次看的我狂咽口水 上周把盗月社安排给同学都很喜欢 太开心了
路过的银桑a,1508790,安静看番，玩游戏,大人谁吃这是什么梗啊哈哈哈哈哈哈哈哈哈哈？
WG老风,500877092,MC综合玩家，啥都整，记得给个关注啊OvO，粉丝群号：779699024,我是锦州人诶！[喜欢]在锦州中学上学，大爱盗月社
隔壁王二名九日,17230392, 迟迟钟鼓初长夜，耿耿星河欲曙天。,真便宜！想去东北吃烧烤！
Wc温眸,295369033,,我为什么没有在东北上大学啊，看啦你们好多东北美食视频，便宜又好吃啊[大哭][大哭][大哭]
蜜丫Mia,362812451,家里没有柯基的前任设计师不是好厨师,我要去锦州吃吃吃！
小李能吃饭,1306355681,,啊啊啊锦州人来了！渤海大学那边有家香香鸡排！特别好吃！一定要试试鸡胗和鸡排！
葡萄成熟时-J,294004875,,都到锦州了不整顿烧烤？
小诺诺是我呀,53154431,怎么升到6级？还能瘦下来不？能！,哪家？？？
_千山鸟飞绝_,14329175,,为甚么当年上学的我没发现这家炸串！而如今！我都毕业了！！[微笑]
憨憨顾绵绵,234255589,今天也要棒棒哒,锦州人路过
艾伦噎嗝,15475976,,偷偷推荐一下鸡西大冷面 出了鸡西暂时还没吃过好吃的冷面[doge]
我爱你l中国,69747289,我就是我O(&cap;_&cap;)O~~不一样的烟火,炸实蛋  我最爱[吃瓜]
曾经年少青衫薄,50860115,一笑人间f事,有些3级号，看着自己快到4级，就到处叫帅气小哥哥，美丽的小姐姐骗赞，真是不要脸，你们说是吧，帅气小哥哥，美丽的小姐姐[doge][doge]
友病哇,13922798,不，我不喜欢你，我只是觉得你很酷。,我好想吃这个杏鲍菇
给我安排他,7300360,IP属地：理塘,炸完后刷的酱汁才是炸串的灵魂，吃过好多炸串都不刷酱料，光撒孜然和辣椒的没有灵魂。
你洁哥超nice,202133384,耶斯莫拉！爱你~,不瞒了，我是看着他两长大的（体重）[doge][doge][歪嘴][歪嘴]
兔酱127,29950346,十里八乡籍籍无名的俊后生,好喜欢沐上啊[视频卫星]
单推傻夸,86447852,嗨嗨 对对 说你呢 你好啊o(RvQ)o！,大佬其实不是饿了 只是为了吃饱了拍摄的时候手不会抖[doge]
超er蜀黍,17511293,一个想做视频UP主，但却无从下手的B站老用户,冷面还是要吃黑龙江鸡西大东江的，在配上辣菜，在加点小烧烤，绝了，还有就是鸡西电台路刀削面，喜欢吃辣的人一定会爱死~
和比非图,319382465,,啧啧啧
是虞兮诶,20286389,跨过星河迈过月亮去迎接更好的自己,！！！大佬的声音好好听！
一本正经的太子殿下,39157048,懒，但是qio可爱,树梢被大佬说镜头里多好看的时候我酸了，真的真的，我也好想被大佬夸[酸了][酸了][酸了]
我还是睡觉吧哼哼,482514721,lishigou,求指路，这是哪个店呀？我是渤大的，我开学想去吃，馋死了[热词系列_奥力给][热词系列_奥力给][热词系列_奥力给]
久九酒啾,384612615,爱看龙族，爱玩忍三，动漫迷,[热词系列_打卡]
才华横溢辫儿哥哥,167885242,没有节制的快乐是痛苦 ,沐上好可爱[热词系列_AWSL]
D迟儿,19622422,,锦州欢迎你。
叫我如意,7799051,,"曾经的沐上
现在的氵木上"
w,228995370,,马上就可以去北京吃一遍以前播的了
辉夜-Official,8043080,"一个普普通通的晴厨罢了
直播间:12505894",东北的烧烤和炸串，在外上学的时候就特想这口(回家第一件事直接跑去恰烧烤)
啊是Nora老师是啊,315611765,努力????奋斗。,去年，因为你们的视频，去了一趟锦州。。。
hi-----SFGU,498159447,,半夜看的肚子咕咕咕叫！！！[大哭][大哭][大哭]
hi-----SFGU,498159447,,看起来真的太好吃了！！！
开心市民小chhhhhhhh,13238243,,小时候在奶奶家经常看沐上的那个新闻节目[doge][doge][doge]
云坠子,10301616,但求今日不踩雷,考古[doge]工具人沐浴露
玖m兰,13920374,别蠢到把没礼貌当个性，嘴贱打击人一点都不幽默，不懂得尊重人一点也不酷,我要去东北啊啊啊啊
想被富婆抱养,313945477,点个赞吧！,一个赞学一个小时习[妙啊]
情感缺失了,41075025,pxj是一种奇特的存在，它们擅长拉黑，现代阿q精神发扬光大者，不然就失传了。,害，令人羡慕的物价
一辈子的狂三党,7926717,名字是在巅峰萌二时期起的 为了纪念那段时光虽然很尴尬但也不改名了 现在就一经典的普通死宅,曾经的沐上也太帅了
53157255,39536308,,来吃烧鸭饭呀
乐事薯片橘子味,46955983,哈哈哈哈哈哈哈哈哈哈哈哈哈哈哈哈哈哈,建议up主取标题可以加地名儿～哈哈，下次去某地旅游的时候搜你们的视频就可以看到推荐！！嘻嘻不知道会不会被看到[呲牙][呲牙]
禁止焚烧闪光,32231064,杂食狂徒 纯爱战士 慎fo,想联系我的锦州同学了哈哈哈哈哈哈哈[热词系列_知识增加]
请叫我弥也君,13512413,咸鱼一只，请多指教,大佬声音太苏了啊啊啊
独行薇,267262667,在英踩缝纫机女工 （doge,太馋了 疫情结束后我要吃炸串烧烤烤面筋！！逮啥吃啥！！
Losis,6541887,,吃了延边冷面，其他地方的冷面根本不能叫做冷面
鹏程万里登凌霄,380395140,静音模式,真的感动[大哭]
蹦擦擦的猫,273164138,,来葫芦岛啊[喜极而泣][喜极而泣][喜极而泣]
我忘了2601,282783531,古筝中国音乐学院十级，荒废了近20年的琴了，最近工作业余时间，练练琴，用B站记录下练琴时光,什么时候能见大佬的真容，大佬的低音炮太苏了
海明威Nicole,22804162,,好喜欢你们！木哥简直击败了吴亦凡成为我的理想型了！！
_扬息_com,11474947,,这是哪里！我搜索说是营口的！！！我去锦州了我要立刻去吃！！！
三月莫了,289607342,,一定要多酱多酱哇！！！啊啊啊啊 还有炸串的茄子和大头菜 必点哇！！！[大哭][大哭][大哭]
青舆之息,318514188,,随便点开一个居然是我家？？？[喜欢][喜欢][喜欢]
每天上班都好困,331333976,一场梦,好便宜啊啊啊
A_kuner,212719619,"原神uid：178882328。
如果你越来越冷漠，你以为你成长了，其实没有。成长是变得温柔，对全世界都温柔。",哥！你怎么胖了！[]
官人好凶残,13924692,,曾…曾经的谁…
宙王,286526012,,这个点刷到我是作了什么孽[微笑]
Zirly,349151354,在B站放飞自我,这是我看的第一期。然后被大佬的声音勾引了，从头看到尾。
太空人二百六十一号,330399674,,炸串烧烤俩东西吧，怎么还有说是重工业烧烤的
恶霸小关,8568671,,在锦州念书的我看他刷酱，捏了一把冷汗，咸么？我怕了[捂脸]
一颗小小小红心,11691700,,沐上还能回到从前吗？[大笑][大笑]
耶啵娜娜,390004989,,哈哈美团搜了一下那个叫西狼记顶级小吃[大笑][大笑]
爱喝奶绿的Misuzu,37514920,,不是，大佬饿了么???????
名字好难想啊耶,176132438,,沐上经历了什么[doge]
皮皮小懒蛇,420935066,小正太,江南人表示真的羡慕东北，听说还可以当主食……，可是，我们的老爸老妈真的不让我们吃烧烤[委屈]，还说什么junk food，真的好羡慕鸭
行行到底行不行,53151740,“扛花去见你”,东北天妇罗！
兔子泥,14648052,哔哔哔,三郎烧烤！千盛附近，求你们去吃，他家羊肉串巨好吃！老锦州烧烤的味道！还便宜！
芝士桃可乐,176541972,,如何可以让我加入盗月社变得更快乐
彭于晏哏都分晏,40737343,不是每个天津人都会说相声,母上不管胖瘦都很帅，[doge]
打蛾子街道小分队,33084500,超佛系不定期更新up主,厦门石鼓路的冬粉鸭！
想和修牛有个家,23210915,月色如浅唱，江火似流萤。,沐上：我推荐两个炸串店，一个在海边，另一个也在海边
胡斯其,256464484,,徐州地锅鸡贼好吃  去吃徐小姐地锅
三边水,37929749,哈哈哈哈哈哈哈哈,不是大佬饿了吗？你们这。。。[奸笑]
铁蛋锅锅,23484513,爱我的每一天,过分了过分了，我留一点明早看，饿死我了
未[L,14222018,哦呵呵哒~~,最后母上到底说了什么？
Jupiterwal,2805086,仍有一丝人性的微光，残存在这个曾经被叫做人间的屠宰场里。这些人性的微光是曾经的我们用谦逊、温良换来的。,木上说的是 父爱无声
AirVon,19884335,不管怎么样、我还是爱这个站的～,沐上树梢、你们啥时候来福州呀、福州的社员含泪期盼[小电视_哭泣]
佐痕丶,242646473,佐痕丶真爱不离天涯远,看见大学的母上，意难平啊意难平！
小白扭一扭,17728022,敬一杯无忧酒，愿余生比较甜。,附中西门土豆地皮，八中土豆豆皮，夜市的炸冷面卷臭豆腐
秋风飒飒洱,45572219,,树梢胖了
啦吧方法,169605290,"不奋斗，太遗憾
忠孝诚勤",沐上照镜子―――
我是研究生哈哈,86881191,average is over,青岛的那个是啥啊，过两天要去青岛玩
任意门没有门,254469529,你是我灵魂每日的面包,父爱无声嘎嘎嘎嘎嘎
Biu坏小孩,37804883,,沐上越长越像钱枫了
遗墨光影,102513011,,时间是把杀猪刀 宰完一头又一头
liiiiife,326544913,,父爱无声？那沐上听见的是我们对他的父爱呗[doge][doge] 难怪我们听不见
lansibb,17028415,80后蓉漂,好吃好吃
木子的-猫,313720074,单身，外带俩孩子，会喵喵叫的那种。。。,"临沂的煎饼果子，
莱芜的火烧，
章丘的大葱，
莱阳的梨，
烟台的苹果，
沂源的奥运果，
周村的烧饼，
单县的羊汤，
德州的扒鸡，
平度的炉包，
沂蒙大盘鸡，
东阿的阿胶，
东阿的驴肉火烧，
潍县的水果萝卜，
博山的酥锅，
高密的蜜枣（莫言的家乡），
乐陵金丝小枣 ，
菏泽的牡丹，
平阴的玫瑰，
金乡大蒜，
苍山大蒜（树梢的福音啊[微笑]）

未完待续。。。。。。。。。。。。"
发黑的化肥,164401631,,谁能告诉我青岛的是哪一期，我就住在青岛。
la宝贝儿,95246941,,"作为他家的老客，给大家做下推荐。
顶狼记最招牌的串串，是小鸡架！每天只有九点开门到11点有卖，真的是数量有限，1元一串，十串5元。
除了视频里的蜂蜜鸡排，杏鲍菇，金针菇肉卷以外。个人推荐还有名副其实的牛排串，猪肉筋，鸡肉筋，蜜汁大鱿鱼，和让你真正能体会出鸡肉鲜美的鸡腿排～
  最后说一下，很多人去他家都说冷面好吃，对于我这种老客来说只能蜜汁微笑。他家最好吃的是韩式甜酱炸酱面，但是生意太火爆，实在是没时间做了。"
黑汪汪,1550934,帮大忙力,一胖毁所有啊……[芮小凸小凹_绝望]
照亮世界的喜羊羊,397715039,浅尝一口吧,沐上你肿么了？啊，不对，沐上你肿了么？以前跟现在简直胖若两人啊[画风突变][抠鼻]
小肥肥P,35347821,这世界原本黑暗，然后你们来了，带着日月星辰。,母上，你这是“工伤”啊[捂脸]
anwenlu,179629740,微博@awl要踏实 ,谁能想到锦州当地人的我这家炸串我并没有听说过[捂脸]而且还在这看锦州人的评论
放放不放屁,143836044,这个人很懒，什么都忘了,一人血书母上减肥！[画风突变]
莫莫桑吗,304003903,鼠年一定好好的????,为什么你们都喜欢在晚上发视频[大哭]
宇宙无敌可爱的小琳,442437218,,想知道大佬长啥样！！！求解答
就是宣宣啊,38976353,...,我现在好饿
帝玖国际餐饮集团,14971668,帝玖国际餐饮集团厨师长,沐哥你经历了什么（岁月是把杀猪刀你一刀我一刀）
Mr王不苦,18678019,跑路前牛马，分享快乐事故,岁月像一把擀面杖[doge]
无言凝塞,12497819,分明是平静无风，是什么穿过了脸颊？可能是追上了你的心吧~,沐上――>氵木  上[2233娘_喝水]
Florence_1,38010849,"Le vent se lève, il faut tenter de vivre",nmd，又是晚上发这种视频
荼靡琼菡,281472378,,倒回去看了几次沐上以前！[惊讶]沐上沐上你这……工伤啊！
紫罗裳霖,22031844,,炸一切
养乐多配洋葱,58891153,爱好：乱七八糟瞎点评，兴趣：喜欢男生，性别：男,那些说曾经的母上的，你试试天天这么吃你也这样，反正我就爱看他们一天天这么美滋滋的样子
HeZiyooo,104264217,,深夜点进来作死[doge]
HeZiyooo,104264217,,我是一个有毅力的人，既然说过要减肥，那我一定会天天说
黄铁柱柱,120054526,就是开心开心开开心,大晚上的啊，啊啊啊啊啊，我减肥啊
隔壁村张二蛋,183639475,,"穿上签，烤一切。
裹上糊，炸一切。"
乐子人安妮娅,79191456,总有一天你会遇到喜欢你的那个虫,"曾经是沐上
现在是水木    上"
ylooking,240904761,,深夜看盗月社，我是多想不开[大哭][大哭]
靠中奖月入过万,73679388,咕咕咕,求树梢以前的照片[滑稽][滑稽][滑稽][滑稽]
包子包子不包包子才怪,17005480,一直在吃藕的路上。,一人血书沐上减肥！！！
小笨蛋的大狗子,6045318,迎着阳光的盛夏大逃亡~,想看去海边玩的vlog[喜欢]
无糖可乐兑雪碧,65860261,自先沉稳，而后爱人,粉丝看到大佬了？？？
小壁虎000001,57047455,"你猜我猜你猜不猜～(￣￣～)~
网易云：小壁虎000001
",木山最后说了句啥？？
什么时候中奖名单有我,8175101,我是个非洲佬QAQ我哭了，你们呢？,你们听到什么声音了吗
皮城小纯,17430350,人生若不进步将毫无意义,沐上这是工伤23333
是玖歌哟,65608092,,树梢儿好漂亮（
白衣祭酒司,302306919,风一样的男子,我想投币，但我看向我的硬币显示为0时，我留下了贫穷的眼泪，默默点了一个赞[无语]
桐谷灬和人_,60048253,,来猜猜这标题和封面能用几天
咕咕前辈,8478590,,最爱晚上看美食节目
林彦汐,25322030,"我想拥抱整个世界
不想那么早就离去",1：21 帅锅你l？
埃biu比biu,11690591,,阿婆主可以和吃光吧金子拍一期视频呀 都在北京 而且都很贫哈哈哈
如果蓝色不是海,24567898,如果蝴蝶有双透明的翅膀,大佬的低音炮，awsl
蒙す上单の永恒,168185011,,"母上从男神变男神经 还变宽了
都经历了啥"
昨天是明天的今天,99184123,,实话说 这是我家门口[微笑][微笑][微笑]
zxl龙哥,5861857,"直播间:1343313，这里大学苦逼学生一枚，随缘直播


QQ994397959",49分钟前
文茴,16831013,好有活力哦,你是谁？？？？？
银河赠予的糖,291421101,,树梢醒醒，该起床刮胡子了[吃瓜]
大大杰爸,288937645,,我显示0粉丝？
ow丶,5324925,,青岛那家是在哪一期？
羽墨丹琴,4745567,,所以为什么不给大佬吃，不是大佬饿了吗[2233娘_卖萌]
欧大阳的日常,31183234,"理工硕士 大厂搬砖 热爱生活
工作生活记录分享 
希望一直拍下去可以回顾
欢迎关注 点赞 转发 评论",神秘大佬帅不帅，顶我上去然后@那位粉丝就看到了
小清新是我啊,35274319,,怎么办母上我爱上了以前的你，[抠鼻][抠鼻]
是谁发猫猫图,39617691,宝宝很爱吃，括约肌也能适用，爱了爱了,人间一串
人与生b,8907149,梦里什么都有,看完之后终于知道一胖毁所有了[微笑]不看了 减肥去
我大概是只狗吧,24227141,这一切都是命运石之门的选择！,我一键四连了（暗示）
五楼的小花,133508356,Vanilla Ice Cream,大佬 大佬是真的，那声音太戳了，太好听了。
下课吧,24319745,这个人有填简介啊~~~,wdnmd母上是传媒界的大茄子吗[微笑]
深海捕鱼员,8201972,HTT编外人员 ,啊啊啊啊这几天锦州这么热 要不然就偶遇他们去了！！！
玲珑花茶,15120416,什么时候才能升六级呀,既然都到了锦州，不如再去趟大城市铁岭吧，尝尝牛肉火勺[惊喜]
西野七濑poi,363076934,对笑起来好看的女孩子毫无抵抗力~,假装第一!
止虑,226797811,怎么着都比蹲家里强,那个托盘边上长长的细细的是什么啊？[蛆音娘_疑问]
沉疴旧木,379505135,,沐上他最后究竟说了什么！！！
治明三尼尼帕,290107104,"公平公平还是tmd公平
",没有人：不看这个视频我都不知道我能抵抗炸串
cgmiao123,106388551,,母上果然是上镜帝(曾经的)[doge]
一只大梦比,25946446,,说出来你可能不信 第一眼我以为放了一张郑恺的照片
是千野欧,381152119,我很懒,他们吃的杏鲍菇让我想起了油条[呆]
溜兔肉,283757183,,很好吃的样子!
噼里啪啦哲少,237044850,May the force be with you.,"最后一句:父爱无声

你听见了没[滑稽][滑稽][滑稽]"
昵称全无了,43774237,,我就说怎么没弹幕！！1分钟前！！看完了才评论
仍相信有天意,178058614,竹阁楼上，油纸伞下。,岁月是一把无情的杀猪刀[吃瓜][吃瓜][吃瓜]
Krd_,343909143,????????才是好????????????????????,那个照片上的帅锅和镜头前这个胖子有什么关系吗 [doge]
幼儿园里的糙汉,342243485,,妈呀，沐上你真的是为了这个节目献出了太多了啊[惊讶][doge]
达达想要睡懒觉,285889438,,想不出骚话想上热评，就祝大家新年快乐吧[滑稽]
是千野欧,381152119,我很懒,"想骚话中...
想到骚话...
骚话加载中...
骚话加载33%...
骚话加载66%...
骚话加载99%...
骚话加载成功...
你好骚啊[抠鼻]"
比利麻麻球,180881916,糍粑其实很甜哟,"想让你们来汕头澄海
这里好多小吃的
贼好吃也不太贵[微笑]"
南楚不材木,19733007,无用之用,父爱无声这个梗我要玩
修豪Leo,109795086,我也想做视频啊,好香啊
-梦一-,121247371,自信人生二百年，会当水击三千里。,深夜放毒！！！！！！@人生一串[蛆音娘_滑稽]
童苏苏苏,32949727,,第二个看完的
一包辣条一个痘,29170755,,一到晚上盗月社就露出了它的邪恶嘴脸
蠕蠕Leo,59691944,,来了
丁先生和虞小姐,14582755,不定期脑洞美食！,好饿啊。。。越看越饿。。。。。。。。。
民正橘本橘,6509512,救救孩子吧！孩子马上六级了！,九分钟前
星之水灵,103858762,d谁谁毕业，看谁谁塌房，爱谁谁倒霉，当代美杜莎,裹上面包糠，炸至金黄，我们都馋哭了[2233娘_大哭][2233娘_大哭][2233娘_大哭]
卷花生花卷,26820310,,在此承包摄像小哥的笑声啊啊啊啊啊好宠！
吃小白长大,73776650,你要不要哭着低声下气的求我回去？？？,黑衣男子我不能昧着良心说话，你来 你来
第二小学生,27464374,,哈哈，小哥真实，差别不大啊
西瓜的爪爪,34644543,bb空间,在哪！！在哪！！！在哪！！！！！
风花雪月，叶落无声,30898557,,啊啊啊啊，我来的好早[微笑][微笑][微笑]
上班摸鱼真菌_,130822883,摸鱼,[吃瓜]三连暗示
船票who,24679640,新人多多指教,月         半
瑶光光要摘星,79976087,贺知书,沙发沙发
灬咪兔兔,179601014,吃饭睡觉撸主子,哈哈哈。
yiiiZII楠木,92986356,自得其乐,太快了吧你们。。。
高大东东冻,80364237,哈哈哈哈哈,第一
天真烂漫艾尔菲,57227041,,刚刚!
后弦蓝魔,121913202,,第一
亲爱的撒哈拉先生,34677396,Dear Leslie.,晚上好！
不甜的阿萨姆奶茶,36840570,祝你幸福快乐????????,第一
22472067020_bili,391427125,"生死由命，富贵在天。我命由我不由天。
BV1Ab4y117G2",你还是应该好好学习，谈恋爱特别影响学业，希望下次在剑桥毕业典礼上再次相遇
kvtaekook,666725536,,哈哈哈弹幕竟然有“买杏鲍菇” 米姐无处不在
歪比巴卜歪不歪,356172060,,好像播放比较高的前十，大部分都是在东北。
英姐和老张,604085124,多了一个我(^_^) ,欢迎盗月社来东北人家里做客[给心心]
资深东亚做题家,375195420,今朝有酒今朝醉，明日愁来明日愁。,我记得盗月社其实19年就火起来了，看着这些视频不戴口罩的视频，才发现一晃眼三年过去了。
黑色的铆钉188,470270938,,来石家庄万达吃金丝牛肉饼![呲牙]
随风逝去的优雅,433533541,毕竟几人真得鹿，不知终日梦为鱼,锦州人飘过[锦鲤]
三脚猫2015,10093140,,[冰墩墩][冰墩墩][雪容融][雪容融][虎年][阴险][热词系列_知识增加]
苹果出折叠屏了,276303346,粉红不够红,我去了，怎么3年前的视频还150个人在看[辣眼睛]
冷冷和暖暖,21218042,知其道，用其妙。,还不更新呢[冰墩墩]
玄机科技啥时候倒闭,173352833,大梦想家,我的牌
一生_种花家,129670198,嘻嘻,想看电影去看看吧
一方宿锋,18769141,给岁月以文明,我到现在为止，一直认为他喵的东北炸串跟天妇罗是不是有血缘关系啊
改名六个硬币有点多啊,177941772,327,"大金链子小手表
一天三顿小烧烤
医院一行查身体
哎呀麻呀高血压
[doge][doge][doge]"
说到做到真君,345879420,日出东升落于西 朝思暮想恋于你,第一
-大庭@世-,8182593,"。
",母上原来真的是个帅哥？？？[无语]
见到我请叫我去跑步,89336587,2021,老板！来点串儿给我下蒜，哦，对不起走错场儿了
热心网友小追,92953292,您的签名因为人身攻击被管理员清除了！,沐彦祖[doge]
多多多多ya,229780873,,母上帅！（
鲨老师x,527459061,,黄桃罐头保质期是15个月，可乐要在打开后24小时喝掉，吻痕大概一周就能消失。两个人在一起三个月才算过了磨合期，似乎一切都有期限。这样多无趣，我还是喜欢一切没有规律可循的事情，比方说我躺在树上看星空，你突然就掉下来砸在我怀里[doge]（我也想吃炸串）
bili_21206212,21206212,,沐上君是经历过车祸吗，完全不是一个人吧，插入的照片。
浅夏初天晴,156891842,,徽州的炸年糕巨好吃还有毛峰味儿的徽墨糕
琉璃www,17227195,,up来福州啊
星之水灵,103858762,d谁谁毕业，看谁谁塌房，爱谁谁倒霉，当代美杜莎,蒜了吧，他俩是一对（不允许反驳）[蛆音娘_哼]
特爱吃麻婆豆腐,10939303,保护我方秃头女孩,好久没有这么早了[点赞]
四个月的快乐,325562123,,上蒜
这个狐仙不太冷,321878802,,来了来了
泽仪枫,329909438,13129158237,大佬们，我想上热评QAQ
震撼御坂一整年,9971628,喜欢而已,树梢天下第一美！
居仉,347665196,,来了！
银罗忆,252296918,,刚看完微博说一会更新就刷到了！！！
-幽兰呆鹅-,49137181,别和蠢货争辩,母上好帅啊
渣男闭嘴,94352490,  ,树梢好瘦啊～
Marieeeees,151072677,这个人很懒，什么也没有留下。,刚刚！
花开若相惜铮,22826349,,来来来了！！
xinbixinbi123,204305332,,好神奇啊 什么也可以炸吗
一如年少小仙猪,89074331,,东北人前来报道！！
octoberrrrr,299432492,啊？广告位招租,来了来了盼望着盼望着！
雁阵惊寒0v0,394393576,,我也饿了
终于可以注册了了,20812482,,碗上套塑料袋的饭馆，绝对不去！说轻了是商家懒，说重了就是不管顾客健康。尤其是那些热面还套塑料袋的，垃圾商家！
泰瑞亚之剑,22493571,拍断的大腿什么时候能长好,绝了
一行就一行,38579897,,@吃柚yeah
我真的好爱,479259807,"感谢上天让我遇见你,不管我们有没有未来！
",@迷失时就要往前走
瑞峰yi,470065749,爱她宠她珍惜她,他们这个酱是什么酱啊
康康是个大聪明,694908796,,啊啊啊啊啊
山下之王伍豪,28916134,,树梢姐姐好高啊！姐姐有多高啊！
今生今世有缘再见来了,431200260,,这女的好漂亮啊
女乃油派先生,329387404,,母上的曾经和现在，就像是猫猫发了腮，没了帅气，多了温柔和踏实
短发雀斑,87685356,,别看啦，1.4号了
你好我是哈哈哈哈,382733231,,大佬的声音我好爱啊啊啊啊啊啊啊啊啊啊
林啊琳啊林,28697712,,青岛那个叫啥呀[星星眼]
取昵称真是难,261259248,B站的本质是个学习的地方,考完研了 来打个卡
布里Land,541450748,,[热词系列_最美的夜]
熊霸霸ぺ,266241233,芝士就是力量,！！
骑行游玩,37861050,,10月份回锦州发现这家店不干了，不知道是不是搬走了
小菠娜,93397701,,摄像大哥辛苦了，能看，能闻，不能吃[调皮]
熬匙姜参,87687804,,挺实惠的
想看雪的小朋友,22128531,经营好自己,2021.11.21打卡
0707_bili,361670784,,2019年我也在锦州啊 原来我们离这么近过啊！在锦州呆了3年不知道你们吃的地方，哈哈
佑京漾一,351119923,,这效果开的，珍珍都粗了
大萝卜妖怪,358057876,大喷子啊,这店已经扩张了
崽崽哼唧哼唧,375246929,,入坑视频，千刷不厌！
心怀漫宇惜人常,511861474,“心怀浪漫宇宙，亦珍惜人间日常”,刚哥关注了[星星眼]
李过火,12371140,,我真的 太喜欢 这一期了。
小车轮滚滚,186293063,,男生就正常吃 女生总是吃的特夸张 特夸张是美女的特权[OK]
J-CHANNEL,442479338,,为什么如此不健康的食物却如此美味！
亚里肆缺德,89417419,,东北的炸串真太好吃了 我一个不爱吃辣的四川人直接吃流泪
木木爽啊,244076513,,喜欢
卡罗拉小橘,411565710,,我居然和你有同款的衣服，哇～～
staygoldacrush,382420321,,马住，好想去东北吃东西啊啊啊
大萝卜妖怪,358057876,大喷子啊,我今天去顶狼记了 确实好吃 旁边又多了一家顶狼记的麻辣拌
嘻哈嘎嘿呀,515571377,,哈哈
夕木落落,442250371,,@yppp要变瘦
疯子般の我ya,21931189,"任尔等风吹浪打，老朽我自闲庭信步～
压力面前保持优雅
他强任他强，清风拂山岗
",白天看不到，晚上逃不掉[笑哭]
永不发专蕾哈娜,603142342,,已经饿了[大哭]
小张366,379286770,逗比up,灌云烧烤
发量多一起烫头啊,16290940,酷爱烫头、最喜顾惜朝之泡面头,好饿
世界の文明,11939845,懒得勉强,饿了
最爱曲奇小饼干,77516930,要想人前显贵，先要人后遭罪,1分21秒，兄弟们
锦城小任,24539116,,锦州欢迎你们
你要吃个鸡腿儿吗,40318927,,岁月真是把猪饲料啊
想不到名字了阿阿阿阿,475882765,,这个看的我更饿了[喜欢][喜欢]
深海宇航员依依,236950507,有爱有盼 无灾无难 2022加油！,嘻嘻
有三年,396824165,,[tv_难过]饿死了
悄咪的白嫖怪,15959035,手残剪刘海,这是哪
吃猫粮的单身狗,6791676,争取脱单，一定上岸，认真学拳，工作攒钱,视频里的小哥哥看评论区吗？请问大佬帅吗？
w绮梦,325345909,"黎明杀机双边玩家 ，环境再不好也要坚持初心，一起努力
交流群qq877581864
",叫什么名字鸭店面
加油加油学习呀,387789522,,啊啊啊突然考古，在锦州读了四年大学，今年刚毕业后悔没早点看到[tv_难过]
GG染小柒,1266025441,,这家店在哪啊，我竟然不知道，还有年糕！
GG染小柒,1266025441,,锦州啊，锦州的在这儿！
光明恒遇黑暗,548992554,寻找内心的平静，终究是要靠现实，真的有世外桃源吗？,口水飞流直下3000尺
蓝洛凤冥,38772552,拖延症患者，恐娱乐圈相关,深夜自虐。。。
变淡的即可,429635122,努力做好一条咸鱼&-&！,啊痛苦，上天啊能不能赐于我隔空取物的超能力[大哭]
棉花の关照,4973751,Toothless,最后的父爱无声哈哈哈哈哈哈哈哈哈
RoLLc,3521781,唯一的生存方式只有自己知道,上镜，对于很多人来说都是好词，但是其实他说的是，你现实丑着我了[藏狐]
香草味chocolate,502350295,,我饿了……
雾岛摘希,169452794,万事胜意,生活是把杀猪刀啊 母上以前好帅啊
僻人鲲鲲,701769059, 我当然可爱（1w粉想办法女装）,边吃饭边看
精苏流泪,39950806,,为什么播放量前几的都是东北的
大明湖畔最帅的男人,1060194679,,天啊，现在是晚上十一点二十二，我还没吃晚饭，，，，
我的昵称是_-,387856173,,炸的好吃还是烤得好吃
千万粉油皮主,1997681143,什么都想当的人就得把什么都去掉，,辽宁方大集团捐赠2亿，疫情期间捐2亿，低调没宣传，希望东北被更多人看见，帮忙支持一下宣传，谢谢谢谢！
rdeas,627762034,,是兄妹么
五百城央,96013554,五百城茉央,哈哈，马上就去了
九辰OTATO,4192396,英特纳雄耐尔一定要实现,沧州火锅鸡
本丸咸鱼一条,287902090,要闭关修炼了,啊啊啊啊啊，我们这不知几线小县城鸡架5块钱现在6块钱
噜噜不恰香菜,7036353,,今天刚去吃了[酸了]感觉不太好吃，老板娘的态度让我感觉自己欠她钱一样
一个人的事件,384417247,,朝鲜冷面，夏天吃就爽，凉凉的酸酸甜甜的，开胃解腻，好吃的很
lithiumflowerY,448251818,接受平庸，但绝不甘于平庸。,新粉想问树梢和沐上是一对儿吗[2233娘_疑问]
嘟嘟嘟嘟咕_,1005145807,,好有食欲
xo1ovezxy,20335217,,我去吃了 太好吃了
被鱼遛弯儿的猫,417486495,,盗月社招人吗？不为别的，就是想吃
半生归南,260590846,学号：250,“会说话你就多说点”
专注秃九九百年,178622809,我觉得可以有,@阿阿阿阿阿凡题
凯喵迩迪普斯,270478183,,肩宽可以啊
凯喵迩迪普斯,270478183,,大骨架
天下无-Z,611701935,,我想吐了
顾夯夯,40886542,,看着就好吃
贴纸哈哈哈哈,269390930,ahh,[热词系列_再来亿遍]
G矢高{},230289485,爷是高中生【！√ ！】,炸年糕yyds！！！！
听了猛子跨考的小猛子,485204932,,这是情侣嘛
藏马就是我的神,1748853111,。。,哈哈哈哈哈哈哈哈哈哈哈哈哈哈
大脑不好是硬伤,47098921,心情最重要,人家说的都是假话，可我们就喜欢听，还当真[doge]
bili_30077874722,475002288,,有点像蒋欣胖的时候[笑]
北冥有余是我鸭,408249792,我别无所求，只想被阳光晒透,[牛年][牛年][牛年][牛年][牛年]
北冥有余是我鸭,408249792,我别无所求，只想被阳光晒透,[星星眼][星星眼][星星眼][星星眼][星星眼][星星眼][星星眼]
南楼jr,431083099,平平无奇的磕学家,dbq什么意思请问
六月繁霜,1212810493,,up一个人的评价太主观了，建议邮寄两包来我家我帮你评一评[藏狐]
宝鹃_,240164195,小主，你的嗓子怎么成这样了？,我蕴无悬念
周周54,491241908,,这个应该是糍粑不是年糕
浪会长,7788825,划船不用桨协会，会长,啊，这锦州人不知道[藏狐]在哪呀我想去吃
rdeas,627762034,,他俩长的好像啊
Ashley橘喵喵酱,383822266,,咔咔的油啊能不香吗[笑哭][笑哭][笑哭]
藤原拓黑,33005215,笑死，这年头开着美颜也敢说是素颜直播了，网络乞丐还要礼物才关素颜,天妇罗的可以NM去死吗
煮一锅稀饭,315085317,,沐上以前是真靓仔
纭繇,182611,B站真牛，能把我签名屏蔽违规。又是虾搞鬼，本身都说了不针对他本人，还来放肆，果然是他的好粉丝，继续抵制他。,炸年糕不跟糍粑很像吗？
染瞳c,314331095,易被说服，道歉极快。日常吃瓜，但不追星。,考古
小袋鼠来啦,315997774,,抚顺麻辣拌好吃~
小张想不到网名,403860829,,东北人看的好香，好想家[大哭]
可爱多的爸比,358046808,,荞面冷面 请去吉林延吉
叶菲莫维奇拉斯普廷,29367195,,树梢你的烟熏妆不错啊
人间正道是学习啦,49149240,"想要做一个高产的up主
",厉害
小龙女的牛轧糖,50800070,我常觉得这中间有着宿命的味道,给我看饿了[tv_笑哭]
yamiu_mao,106447084,,吃多了量太大
华颜无道,422719077,,一个小孩子们问徐州有这样的店么？
岸边哈哈一动不动,351399962,,啊好可爱啊哈啊哈哈哈哈哈哈哈最近盗月社就是我的快乐源泉
Scopus,7168360,... ...,哇，你好高啊木尚，你品，你细品，这还有多自卑[呲牙][呲牙][呲牙][呲牙][呲牙][呲牙][呲牙][呲牙][呲牙][呲牙]
糖冢,353685366,一定在一起,666.6万合影
舂_霖熙,482704925,,这期视频已经三刷了，好想吃！
康韧,25975149,,我饿了
啵啵xfins,498690034,恋爱可以慢慢谈，肉必须趁热吃,21年来，我想问问是谁在弹幕里说了买杏鲍菇？？？？果？？
江漓落,103477545,永远喜欢星川翡翠！,锦州人路过，炸枣好吃炸山楂糕没听说过
十月洋流,36191245,,我来了
-夏-,44449132,且放云鹤归南山,[小电视_太太喜欢]好脆啊！
信使很累啊,39269011,喜欢的人不少有争议，但希望求同存异，不要不识好歹。另外这是小号，喜欢什么发什么，不需要关注，更不要因为你不喜欢的人来私信谢谢，夺傻啊？,上海烤串外卖，每个都感觉蔫蔫巴巴...然后就十串不到还要50+...岂可修，想恰..
李过火,12371140,,真的好喜欢看锦州这几期啊啊啊！想去东北
坂本美绪,1569976,,不是 大晚上我看这干嘛 饿死我了
本人监斩官,326172257,,今天特意从最高播放第一个开始看的，没想到第一个居然在我大锦州[笑哭]
随心小娅,2783685,,看了沐上的曾经，我对岁月是把杀猪刀这句话深信不疑了[doge]
豆豆子缺钱,106355564,豆豆豆 豆子y,大晚上的…… 我为什么犯贱点进来
MarezryNubium,15314483,循此苦旅，以达天际,考古，那时候的母上还没有如今这么肥【不是
呵呵呵147852,21614517,,他们俩是龙凤胎么
一年四季都在吃,422694065,"对
",质疑一切的锦州本地人来了，欢迎再来呀？
臭井盖拍你,165682248,,减肥看这个真滴难受啊好像C
好吃懒做的白,508434538,安心地当生活的旁观者,大半夜考古在这里，馋死我了。
_你永远是我的骄傲,24448664,人不知道什么说再见，就是真的见不到了,口腔溃疡警告[doge]
长腿的鹅,25172390,,齐齐哈尔烤肉
人头是靠送的,14626906,,刚从锦州退役回广东的我错过了什么[大哭]
一夕如环_夕夕成i,520790783,身为种花兔而自豪,看馋了 出门吃完烧烤刚回来
2000年退伍兵,1796230163,,美女应该是健身的，，，
天下共主仰止,385872114,,"Seriously, who eats chicken steak and brushes jam?"
nanocoating,67427331,,啥意思呀  山楂糕是骗小孩的吗  一串咬一小时 上一边儿吃去吧
获获unicorn,287508509,"一个当代社畜大学生的日常记录
2222年百大up主",锦州人表示这个地方在哪我要去打卡
徐徐1414,332767924,最近大爱sing希望她们越来越好！,哇树梢姐你好瘦啊！你脸好小！哇你好高啊！你好美！[害羞]
我就改个昵称,107359521,,看着看着居然看哭了，吃饭都是一个人
月亮暗藏杀意-,30385481,好想有个大鱼塘啊！,光甜不酸的冷面是真的难吃，腻死人啦。酸酸甜甜的才好吃
闷闷还是那个闷闷,521708176,,这姑娘长得就挺……
爱之放弃,1808820190,,https://b23.tv/8b9FVK
U丶坠星,27352439,オァゥエエコキァイコク,锦州炸串和烧烤，在东北真不咋地，不知道在外面怎么这么火
三刀天下第一,19008990,,这个大叔小摊时候就常吃吃到开店 都是回忆
又勾勾又丢丢的虎哥,88802218,wakanda forever,炸年糕！yyds！！！
爱吃的饼籽,15094949,一个人吃饭也不用愁！,炸串居然是甜的吗[哦呼]
皇珈骑屁用没有,74063204,"
风吹散了月光",五个鸡架五块，所以你们四块买俩
Megumin之友,485064247,"她肯定不喜欢我了。
兔兔肯定不喜欢我了。
诶，又一次被兔兔伤害了。",哦
玛玛杜,9357873,一个会画画的，学做动画的，喜欢打守望的，偶尔搬运一下油管里自己喜欢的视频的，正在画一副塔罗牌的，画师。,母上大人你这么多年到底发生了什么
我又长肉了,28251940,,求吃哈尔滨亮亮小吃的砂锅、坛肉和红油干豆腐，白钟元大叔去的那个
安安安安安安安大聪明,21924765,乌拉,学校在锦州。。。。我竟然才看见。。开学回去找找
御坂17657号,676290559,,我就是锦州的！
狗蛋乱串线,1660998723,安卓区的，画质感人,我四川老家就有松花皮蛋，和黑皮蛋，不知道是不是特产，反正是自己做的，也有很多省的吃不习惯，我是挺爱吃的
AAAnonimity,1319056,,"-“树梢你好瘦啊[呲牙]”
-“真的么[惊喜]”
-“客气客气你别当真[doge]”"
吴跃忠的onetheonly,349207311,,青岛的那家是哪家！
幻梦虚空-,107304853,在这一边，我什么都看不见,yysy虽然我在锦州上学 但是我从来没出去吃过东西[doge]
改名换字,90829905,,对比现在沐上以前好像肥一点
煎蛋白白7gg,392552807,"平平无奇的学习小天才
",哈哈哈哈哈哈山楂糕笑死我了
大姐阿芋,431438156,书文会友，槿表愚见。,想知道树梢儿说的那家青岛的炸串是哪家
ZzxXTOoOW,493980243,,其他客人挺尴尬吧
白崛,11084771,"Dream as if you will live forever,
Live as you will die today.",阿那亚
gang杠君,23747423,hhhh,锦州人狂喜
鹿于于,493743617,,[牛年]
Dragon昼,343617169,Y昼,刚看了康熙微服私访记（张国立版），，，梢姐好瘦[doge]
你有妹有爱上我,24869502,大可不必放心,父爱无声，可以的，你这兔崽子
金牌小鸭,10645220,,这女的，肉眼可见的胖了，都国字脸了，还有黑眼圈！！
忧郁而聪聪,454942461,一花一世界，一叶一菩提,这播放量是真的羡慕[辣眼睛][捂眼]
森山森,39322440,合F奇F、一期一会,太羡慕可以这样大口大口吃炸串了，作为一个特别喜欢吃炸串的人，多吃一点就会溃疡[大哭]
紫水晶王子,175879437,Lord.,@贰月霜白
秋色撩人吼吼哈,434538535,,你们俩是一对么，谈恋爱吧
自汉元,215169526,https://space.bilibili.com/215169526,白天刷不到，晚上躲不过
AibaAsagi,19620761,因为悲伤，所以一直微笑。,南方人来到东北，就会发现在街上走一走烤冷面手抓饼炸串烧烤，尤其是烧烤店[笑哭]
星起c,522883710,,失恋了，该怎么做
骂人就揭短的月月丶,389063307,打人就打脸，骂人就揭短,大佬不流口水吗[doge]
馨娜er,1929372372,,真不错
DICakaAngevil,488776724,,不胖，挺壮的
阿卡宇,23126055,本人已因帅入狱,啥叫东北天妇罗…搞得跟油炸是日本传来的一样。
啥都不会的西瓜,207426028,,大晚上把我看饿了
酥酥酥肉-,258911332,安静,哇哇哇！
素年锦时WHR,491143501,,深夜看炸串，等过年就可以回东北吃炸串啦
鸽子写手时光,247926493,6粉uP,锦州天妇罗
LBY0310,516828447,,2960
F大白马,592457242,,每天一遍
本妃不失宠,631315493,,黑衣服你个直男，哈哈哈
咚咚咚咚咚咚羊,183075315,不要放弃寻找不存在的东西,北方那边的都什么价格啊 好好奇
AG独家记忆,388293130,,哇
君奉天丶,8428380,小时候，幸福很简单；长大后，简单很幸福。,你们听见声儿了么？都没听见？也对 父爱无声[歪嘴]
阿宁只是喝醉,5013101,上传视频均为个人收藏。,父爱无声
星海明灵,230516630,我来也 我去也,你先吃完油腻的再来一口山楂
独行薇,267262667,在英踩缝纫机女工 （doge,啊啊啊啊啊想吃
第七朵花的回忆,302200567,好好学习，天天向上。,太香了，好想去东北一趟。[喜欢]
电波茶茶哀无,30267549,"曲编混唱古典吉他吉他指弹
Coser lo娘
中国少数民族艺术硕士在读，本科hr
网易云  哀无
日常嫌弃自己，永远没有满意的作品",等等，那个一闪而过的帅哥是谁？？
过期小动画,140905235,沙雕小动画吗，快乐一整天,我也是看视频想回家了，[委屈]
小本学历,388804916,,这女的不错，啥都吃，好养活！！！！！
托马斯成长记,396073814,"爱生活
爱家人",父爱无声
景鹅,400315386,爱好配音,他俩是兄妹吗
阿拉斯加狭鳕鱼堡,37898177,He should have killed everyone and run off into the sunset.,酸了[酸了]
只有星星够不着,81270477,,可以去国家级贫困县村，推广推广当地的产品，把自己的发展和国家的发展结合到一起，也是一个大号的责任吧，人民来关注
我捡到一只小僵尸,423755374,吃饱喝足了不饿,@父爱无声
SourDieselNo1,405960679,I am the one and only Tyler the Masturbater in the flesh.,想知道青岛有啥著名炸串店吗
p民日记,15343481,,树梢看着真不瘦啊……
黑暗骑士STE1,105889196,屈原是个抑郁症患者????,太能吃了吧
黑暗骑士STE1,105889196,屈原是个抑郁症患者????,天啊
雪野-百香里,352833987,,来锦州了 怎么不去吃烧烤呢
peanut水煮,355443689,,从异域轰轰轰便宜了还
暖暖O_o,99185183,,安徽亳州的牛肉馍和亳州特色炒米线
海南之夏,434955154,,东北好吃的多了尤其齐齐哈尔佳木斯的烧烤更牛鼻S
友田-春雪,58474346,emm,靠我这刚吃完饭又饿了
千与千寻-ML,277041347,"公众号:千与编程, CSDN:千与千寻ML",胖了
心灵狙鸡手,38595768,"人生就像卫生纸，没事少扯。
",有钱不得吃腰子嘛？[呲牙][呲牙]
八神初,34371296,总有一样东西是想要守护的。,好想去东北吃炸串啊啊啊啊啊
apple那个banana,437324038,,有趣的灵魂
Frees心,430639907,,她们是情侣吗？
云妖的,14626756,打开新世界大门,我是大佬的音控
腿妞,507051763,,天津西北角 特色砂锅。超级好吃
真武魔天尊,2628837,,！！！！！！！！！！！！！！！
小理还是小感,349002817,,唉，真好
黯夜幽光,86248458,虽然叫个性签名，但个性不能展示呢，都给你判定不合规呢,欺负老实人
Abigail-lost,35389694,,不是大佬饿了吗[辣眼睛]
林水敦信,43073,,"我们南方的价格大概是这个的四倍。
       比如炸鸡腿（冰冻的）8元，鸡中翅（冰冻）5元一个，四季豆3元、土豆片3元、韭菜串2元、金针菇串3元、年糕串3元、羊肉串5元（小），竹签肉25.

       随便吃点啥，两个人不喝酒大概75还吃不饱，吃饱大概180左右。"
今日天气真好,484812977,,小姐姐是串的时候记得歇着吃啊，不然很危险的。
看见什么吃什么的小满,37648222,,快抚顺麻辣拌安排上！！！！！！
端丶脑,33679108,,青岛？？？
苏瑾胤,2451716,一个老大粗的俗人。,一块钱？免费啊这是[抠鼻]
账号已注销,378936149,,北京密云这边的炸串好像和东北的不太一样[大哭]没有这么金黄酥脆[捂脸]
飞天猛龙,630846463,"枕戈待旦，卫国擎天。 
我只做我自己，我要成为我！
对自己负责，对未来负责。新时代青年人，有新时代历史使命。 向烈士致敬！！！",请问up主什么时候开始做美食类视频的
Dear沫紫音,14877143,,这家真的很好吃，本锦州人没事就去吃。但是现在再外面上学呜呜呜
申哥666666,471784768,,去吃襄阳牛肉面吧
平田菌的咆哮,10787030,修仙小说就看徐公子胜治,感觉像杜小月和钱枫~》~
平田菌的咆哮,10787030,修仙小说就看徐公子胜治,杜小月~》~
YG-倒闭版,380791880,我担朴老三,你俩越来越像了
病弱冲田小姐,12868790,王厨警告！,亲，那个不是皮蛋，是实蛋，哦。
宋墨文,4638638,不为生存，那为什么。不努力不能生存。他们在看着你呢！,嗯，我到现在才知道。这两人竟然不是情侣吗？
蓝姆L,35512424,不要畏惧，因为当你畏惧的时候，神会想尽办法打败你,大佬：我想骂人[doge]
小赤赤DAZE,336355692,,所以考古，有好兄弟告诉我这家在哪吗，准备过年回锦州[呲牙]
g村,188067726,来吧，宝！,好想去东北啊，感觉南方城市食物一直都是比较贵[大哭][大哭]
彩虹棉花糖丶,376789124,可爱即是正义,彳亍
目光如炬的霍德尔,94928628,,想看声音好看的大佬长啥样
bili_96012171727,588368392,,[滑稽]
小乖bili,30707392,,曾经的沐上跟现在的沐浴露真挺像，信了亲兄弟
楚君归sv,518186246,,东北是个好地方
幺妹是只喵,220902829,瘦橘。。。,东北的表示热面也很好吃哈哈
罗斯兰小可爱,23972249,,我口水流到了ipad上，我去
野花与寿司,19276563,,所以天妇罗不就是锦州炸串吗？
辛少一,82194810,钱途一片光明,锦州
柯基是坠吊的狗,434485241,,新疆的炒米粉！一定要去当地吃，辣风芹啊，米兜兜啊，阿臻啊，都很有当地特色！
不知东方之既白jk,383662059,人生理想境界，相与枕藉乎舟中，不知东方之既白~,大佬是怎么一直看着对面的人吃拍视频的
oldmian,498275099,,这个锦州男人太尴尬了
易梦千秋,17935514,,炸串太油腻了[喜极而泣]吃两三串就吃不动了
doteve43,1664550,,好想吃啊 上海有没有类似刷果酱的炸串解解馋[大哭]
孤隅爸爸,104101304,,南昌水煮油炸
娜美洁子花儿,39902367,本小区腿粗大赛冠军,这物价我真的惊了！
Vvvkzz,204077517,,告诉我地址，让我让我记住，晚上好睡觉[歪嘴]
tyuqwer,38033687,,我居然暂停看了很久！！！
转运草,404118376,,我觉得你们应该每年去看那个有钱的饭馆老板一次
一生白鹭为歌-,104090119,INFJ-T,炸莲白，辣椒都特别好吃！
耀阳哥啊,108679728,,万物皆可炸
最后的倔强是绝不脱发,350278929,学习呀,来呼和浩特吃冰煮羊烧卖蒙餐
天上的水母,660494114,19年底幸运的认识了一个即有实力又有人格魅力的小孩！平行时空下一起努力又有趣的生活吧！我会努力去找生活中的小确幸的！愿同健康平安喜乐！,唉！！！！突然想起来沐上曾经是央视主持人？！[哦呼][哦呼]
祖女白菜,315880574,,女主好美啊！笑起来很好看！可以试一试景德镇的冷粉！推荐！[微笑]
Schwarzer_妹,35827345,懒-.-,来苏州苏州苏州苏州吧！！！现在正好吃大闸蟹大闸蟹大闸蟹！！！！还有祥鑫鸡爪！！！
晏_不几道,277413554,好好学习，天天向上,渤海大学有家炸串贼好吃，是我吃过最好吃的炸串
学学神父,62864439,应该叫停，而不是继续错下去。,我好奇碗里面的塑料袋安全无毒吗？
花花拙作,105377139,"junk journal 学习中
",这是雇的吗？不是吧
哔哔赖赖的龙女绝活妹,1699731,,[撇嘴]搜索了一下没有广西的视频，来一下嘛广西也很多好吃的特色美食
大爆炸基地,24851643,佛系 追求自己喜欢的,锦州炸串吃一次想一次 绝对上瘾绝对好吃 我锦州人这么多年都吃不够
薛定谔の幻猫,289605290,戴面具的孤猫&hellip;&hellip;,那个“皮蛋”应该是东北的绿实蛋，绿实蛋会有点臭臭的，我觉得黄色的实蛋更好吃，炸完了外面脆脆的，里面有点韧，qq的超级好吃。
情似雨滴似断难断,694097013,少了自由怎能海阔天空,你俩
西一凑,184882848,,我想知道碰见盗月社拍视频的社员们[歪嘴][歪嘴][歪嘴]都看见大佬了吗？好好奇[doge]
魅影晓雨,108320980,,实习的在南方看到你们打开东北没事东北人我很开心。但是真的好想回家啊
得不到的永远在骚动__,80754498,泰兰德的夏天永不停歇，我爱的少年永远热恋！,为什么我这边的炸串又少又贵要死。
少女的祈祷_邹,394702119,,有没有人推荐广州的吃地啊
梦曦的梦曦,391211,你追我 如果你追到我 我就xx. 嘿嘿嘿,哪个城市，哪一家啊
bsijiang,22892183,,晚上该睡觉睡觉，这黑眼圈
餐桌漫画,50671456,您的签名因为使用不适宜签字已被管理员清除,美食节目确实毁人[doge]
aka夏油杰,342696014,,[OK]
城南小鱼,182005407,,Go好吃
城南小鱼,182005407,,大家为
PXPLAN,254666191,,卡路里爆炸
白泽君-crystal,195494966,其实我也不懂啊，别问我为什么会变成这样啊,想吃[tv_流泪]
西瓜西瓜甜甜的,107652764,中奖绝缘体:-D,超级想吃
L丶JC丿,282703655,,这播放量和投币数，好好想想是为什么。
净心随缘,650241583,有些话不必多说，心中有数就好,晚上特意点了个炸鸡来看树梢小姐姐和沐上，你们两只好可爱，特欢乐，好喜欢你们
香草味的千岛岛,34252405,,馋巴巴
空腹虫_,3313403,他很懒懒的写签名,不是大佬饿了吗？怎么你俩吃上了
张科比,35947942,,所以青岛的那家店在哪里呢[微笑]
200斤互联网农民工,2641778,打算记录一下每天刷人头的过程。,哈哈哈哈 我出差的时候，住的地方就是视频开头那里
_汪先森_,472076847,为了证明不是懒人,今天的镜头看上去，是该减肥了
才八点摸了,273775219,想天天摸鱼！,有谁还记得开头是说大佬饿了，你们俩咋吃上了呢。赶紧给大佬来两口[doge]
cygnys,102671239,经历世界得我所爱,锦州版天妇罗？ 万物皆可炸
白弋不是戈,30781556,"板板有兴趣找我当代代就直接加我联系方式吧
安卓的，除了小米，OPPO都接",距杨姐身高大佬应该很高[OK]
大星烤章鱼哥,296301254,,我熬了一个晚上就是可能吃东西的？
Scu6317,439203176,科技无限光明,你俩是对象吧
亚瑟f-cking谢尔比,293790634,,以后吃麦片的时候就看你们的视频了
亚莉克希娅,17004835,,活久见了，炸串都能开店。
龙神家的龙哥,479717600,随缘上传的最近喜欢的游戏,我怎么看着感觉不好吃呢？不过我吃过锦州烧烤  名不副实   很一般   没有黑龙江的好吃  也没有沈阳的好吃
半糖熟练工,9535161,,大佬的声音控 求出镜
谢^不言,183512839,这里谢^不言，谢谢,哇树梢姐你好瘦啊！你脸好小！哇你好高啊！你好美！[害羞]
鲸鱼桨,51865102,这个人真的超级懒，什么都没写,《从看饿到看饱》[doge][笑哭]
改no,6058533,一切豁达遵循基础,回过来看，太罪恶。
吃一w砂糖,20176896,"立志做个好剪辑师 沉迷踩点
多担 本命卷福/佐藤健",在锦州两年我居然没吃过这家炸串！悔恨
哈哈想不到吧,154274027,,想知道酱怎么调
凿壁偷光的痞子,382077370,不挣不抢安安稳稳就好,长春红旗街有一个元盛居火锅贼火天天排队百年老店了它家麻酱贼好吃
二十九号咸鱼,43281799,想自由,又刷到这个视频了，因为这个才关注的盗月社哈哈哈
宸番,8893620,,我好饿啊[大哭]
穷驴最爱吃馒头,365206320,,不是皮蛋是实蛋吧？
cilluLee,390626954,,小朋友好可爱
彦JIN,351595147,这也许是一个懒人，但，却是一个                                         的男人。,"这种碗里套个塑料袋的造型
，
，
，
，，
，老有
，
，

，感觉啦
，
，
，
，
，
，"
中蔬小姐,498229146,,这女的好闹
天天六角亭,79053379,,我操2002年老万就卖1.5一个了
落英缤纷Guitar,376055394,,这个视频自然多了，不像某卿，每说一句话都要剪
WuDiYouShuaiQi,76919601,,是不是当了美食主播以后  就没法面对以前的自己了[笑哭]
小胖丹尼,16151463,,就爱吃实蛋
马路蜂,25749110,,胖了，都胖了
倾觞不记韵华丶,349550533,,南方贵还难吃[笑哭]
关路阳12138,31960432,"人生何其短
",半年多没回锦州了，杭州的烤串不好吃还死贵，冷面这种东西也好久没看过了
星辰圣闲,97011418,,和山东这里价钱好像差不多，我们这里小地方可能还便宜一点
普通人121381,38406425,,东北的冷面酸甜口的，我有点接受不了，不过烧烤还是很香的
闭麦狂笑散某人,55422351,"2016.11.7
",父爱无声    学到了[doge]
陈橙皮皮,335574661,,这是十栋楼那个吧
小鑫1996,18356084,喜欢汉服，穿汉服，虽然汉服不多。汉服最好看,曾经的沐上，现在的沐上！！！
才华横溢辫儿哥哥,167885242,没有节制的快乐是痛苦 ,我饿了 啊呀呀
爱吃粉的菠萝派,108728852,,学到了哈哈哈哈哈哈哈哈
Y清漪酱Y,10608198,患有猫癌及尴尬症的秃发少女,馋死我了
TonyStark的甜甜圈,16034140,"他们也曾共枕日月黄昏，如一对寻常爱人。
/专业BEcp一百年。",好想吃串啊
我是你大哥的大哥啊,454856474,,[偷笑][偷笑]
GGsword,154295740,发现更好的自己。,虽然我是葫芦岛人，但锦州的凌河夜市必去，超多好吃的[呲牙]
ench_wang,166663998,,那个不是皮蛋是实蛋 但是你们说有味肯定是假的 现在好多都是假的有一股刺鼻的味 我家一般吃烧烤什么的会问一下是真的假的实蛋 真实蛋也是有黄的有绿的 区别就是那个面碱放的多少 自己在家也可以做 直接打几个鸡蛋 放面碱搅均颜色有点儿变深直接蒸就可以了 [OK]
Xnzlovexg,47468936,,一周年打卡，哈哈哈
乐珩和韫生,34084021,***,鸡西的冷面来一个，还有五香蛋
海迪winter,320008300,,他们是夫妻吧
欧阳明050,476790489,学习手记@我自己,你俩是一对吗？[呲牙]
呜啦啦可可茶,22171427,哈哈哈哈,树梢姐特别想那个“妈妈你为什么生气呀”的那个女孩[抠鼻]
改名为了变欧气,86811728,,饿死了
牛腩小火锅,3800132,,啥时候长沙？
干土干土,395248214,别喷我，我只是一只很自负的普通猫咪而已,北语食堂
干土干土,395248214,别喷我，我只是一只很自负的普通猫咪而已,而我只能在家吃哈密瓜
jingkr,44044501,,木上变成油腻大叔了唉
噜啦啦小甜美,238586760,,撒
大道寺第一知世,147155849,乱开黄腔，棺材反光！！！,因为这个视频开始关注盗月社的[呲牙]
bili_18222586238,506175779,,大疫情的快馋死了
灰行骑,15674007,体内的查克拉已暴走,锦州越看越想去，简直太棒了[喜欢][喜欢][喜欢]
哎哟我好怕怕哦,84408315,,广东羡慕…吃啥都贵的广东…羡慕北方吃东西这么便宜
栀子为什么还不发财,277783932,宁缺毋滥,你们的微博粉丝来啦[打call]
彼得帕蜘蛛克,8973117,,我学校门口炸串二十块钱就把我吃撑了
峰峰美食测评,90639600,"全心全意为粉丝试吃全网各种美食！
把你们想吃的告诉我！
把你们想吃不敢吃的告诉我！
把你们吃过最好吃的告诉我！
众里寻他千百度，感谢你们关注",锦州烧烤甲天下，哈哈哈！小姐姐看起来好像”小燕子“！
Inbron-,30894091,你看那个人   好像一条狗,这些才100么[笑哭]   我也想吃！！！
瘦茄茄,11911022,,父爱无声
八个字八个字,353449568,,鲅鱼圈的鲅鱼馅饺子和烤鲅鱼
笑颜的咪哆哩酱,24429303,山风爱好者,但是锦州的炸串烧烤不是很贵吗？朋友去过，说很贵啊
网友小胡鸭,409173544,,沐上你变了
酷酷盖盖,284296509,今天学习了吗,去嵊州吃羊骨头吧!还有炸年糕鸡柳薯条!
贵米,413334521,,来恰饭了
查杰的宝贝小甜甜呀,32249929,查杰是我明目张胆的偏袒，羽生结弦是我众所周知的私心。梅溪湖是真的！,哎    调虎离山红红火火恍恍惚惚
匿名叉烧包,25054845,2024我要上中传,笑死了大人谁吃这（山楂糕）
匿名叉烧包,25054845,2024我要上中传,说实话前几天第一次看盗月社视频特别喜欢沐上 特别逗 后来喜欢你们两个 树梢有好多成就啊好棒
找羊绵绵绵,453984339,,发条友善的评论
辣椒炒辣椒椒,431659798,,摄影的声音好好好好听啊！不知道有没有出镜过
该用户以被封禁,44201559,,老哥吓坏了
灵魂需要独行,385330192,,热量无敌
灾厄指挥使,30178690,,大佬帅不帅
大肠刺身超香的,90432525,,大佬的声音太苏了！啊啊啊啊啊啊啊啊
铖qqqq,595123803,,一定]有男朋友吃那N多菇
鱼香肉丝没有鱼00,281344940,头上的包，有大也有小，有的是人敲，有的是自找,父爱无声[偷笑][偷笑][偷笑]
变蓝的红担,319227352,,摄影大哥声音[热词系列_爱了爱了]屏幕快把摄影大哥吐出来
岛屿荒川,395535383,,强烈推荐来云南曲靖吃饵块
蒲蒲蒲蒲蒲攻英,251022038,钱不知所去，一贫如洗,中间出现的那个蓝西装帅哥是谁啊？肯定不是沐上[热词系列_爱了爱了]
小蟛湃湃,436619138,,清淡？我广东人看傻了[喜极而泣][喜极而泣]
广岛种蘑菇,332276500,要啥有啥，就是没签名,东北的冷面不是鲜族冷面，基本上东北冷面一个城市一个味但是一般烤肉点买的普遍模仿鲜族冷面，像我家这冷面是酸甜口味，放的芝麻酱，自己再放点辣椒肉，还可以做热汤冷面！
爱迪の奥特曼,338185282,只为收集上译，童年无憾,他来了，他来了，他带着炸串走来了
小松豆奶粉,26580750,,他们家...没有外卖...
李柯基_,232706545,,瘦母上我，磕以
Au金金金金,224530304,,锦州人笑了
是六个硬币改过的名,269337588,,在东北的本人哭了
赤寰红宇,92319881,太懒了我！,说起当年林帅打锦州。。。
uoSeafruit,403883054,,最后那个啥声儿啊？
十三番,1836072,点进来干什么 小心我啵啵啵你哦,天啊我太饿了
呜哇呜哇MiaI,21613244,,靠 我竟然从来没去过…就在保二边上 离我家直线距离两百米？日常想回家
祁衍没钱种太阳,21180408,不知道写点啥,我馋死了[酸了]
fhkirfop,161078667,,魔鬼
萌萌哒小萌萌君,113555826,,烤杏鲍菇看起来绝了
林深时见鹿QAQ,8192624,"好像什么区都在混，什么都混不好哈哈哈哈哈，初心是记录生活！！
不求独避风雨外，只笑桃源非梦中。",好像孙俪啊
是乐乐YAH,390671701,,馋啊馋
要-耐心,179500141,,想吃
隆德史特艾特,405524091,幸福生活是靠努力来的,想看吃鱼香茄子
毕业不哭,11419192,up是女生  只是声音低迷,原来沐上整容了[呲牙][呲牙]
神奈S,8549028,爱FF14~也爱夜神月！,看饿啦[大哭][大哭]
笨兔叽,38999743,,最后是啥  父爱无声么
二太,12548500,need just Word，Word has Word。B站知名亿术家二太爷,(s°口°)s(┴―┴[热词系列_我酸了]我希望你俩能在一起
胡言乱羽,5299262,,原来是沐浴露拍的么？
我已经21岁啦,46818313,花有重开日，人无再少年,考古考古
无奈还是喜欢你,259251115,,我回来了
乌兹喝七海绿茶糖超标,393009984,,油炸冰淇淋好吃
Gaiiiiiza,5018983,怎么今天也没有发财呢,哈哈哈哈哈哈哈回来看看摄影是不是沐浴露
不爱吃糕的酒仙,60231203,,回来看看这期[OK][OK][OK][OK]
米糕白白,4534894,一年好景君须记，最是橙黄橘绿时。,想吃呀
养猫专家薛定谔,2529663,这个人应该很懒，什么都没有留下,父爱无声笑死哈哈哈哈哈哈哈哈哈哈
Q收收O,392471025,冲冲冲考编上岸后，我一定要去见你！,啃着玉米看视频
3一30字符之间,31618289,,沐上记性还挺好
你先听我狡辩OVO,199608134,明月清风晓星尘，傲雪凌霜宋子琛。  BY 魔道祖师,饿了[酸了]
斯坦因大门,17707030,,2020.3.16 我又倒过来翻了一遍
Reyoyi,36082371,网易音乐人：Reyoyi。感谢关注。音乐爱好者,[支持]
阳光的纺织者,493121492,,女的长的有点像左大玢
小姜同志丫,168212550,,女朋友在锦州上学
小蛋糕阿,265932671,,南阳九小炸串[呲牙]
断水流丶丶,347496592,努力把话说的通俗易懂,这粉丝很nice啊
三分小道,474862188,,年糕是我最喜欢的
Linmu-木木木,49399948,我爱中国,太想吃了[鸡腿]
钢铁青龙L,358571682,,你经历了什么？从上镜帝变成现在的样子！[哦呼]
暄澈澈,10981413,,这一期炸串我都看了4遍了 看起来太好吃了[大哭][大哭][大哭][大哭]
南度yu,259088210,,嘎吱嘎吱倍儿香
饼饼就爱皮,38588277,,大佬声音好好听
星月夜下的花田,12593926,岁月静好 祈愿君安,好像是我实习时候租房子的楼下……
姜雨宁rontal,74126322,我就是一个平凡的30出头的少年,我想问树梢的体重现在是！！！！！
世界尽头的砚,96995454,吾将曳尾于涂中,我酸了我酸了我酸了我酸了我酸了我酸了我酸了
woshi121,14931410,会いたかった、,[doge]
木杏缡,434132650,,"好饿,好饿,好饿，我真的好饿,在家不能点外卖还不能出去吃。[口罩]阿西吧[大哭]"
yanniennie,17896624,,作为锦州人，现在馋了
阿柚酱あゆ,72467105,(^-^)よろしくおいします,袁立吗
鸡西幼稚园长,26197029,喵喵喵,只想吃冷面加烤肉
丿丿撒娇,21807889,,现在想吃都没地方吃
行止吖行止,319402311,,大佬声音好好听啊啊啊啊啊
冬不是东,81829414,冰冷,我感觉要冷面的原因 是怕炸串吃不饱 来点主食
姚郁酱,336448958,,为什么我每次都是在半夜刷到这种视频[无语]
小透明2018,309959360,,三刷
星月唯,16575353,五条悟我老婆,饿死了
素淡ひとり,18531711,钟爱粤语歌的素素,炸串 杭州街大炸串挺火的
小笨笔,85340600,打不过请指教,吃鸡
Ephemeral---,44128463,,锦州！烧烤和炸串！
本爸爸刚才,15455940,,珍珍是啥 有长的好看的朋友告诉我吗[doge]
小可爱哒哒哒哒,120824368,无法长大,疫情期间只能看吃播了
不食五谷吸风饮露,15633262,,好难过我好想吃炸串，毕业到现在快一年了我没吃到学校后街那么好吃的炸串了555555555我的青春
奈奈松酱,279384707,,快哭了，身在广东的东北孩子快馋哭了。[酸了]
Hey_wiegehts_dir,37430429,Life is too short. ,锦州预定！！！等警报解除小爷我直飞锦州
至尊菠萝派,128547784,,母上被岁月狠狠地摁在地上揉搓过了！
duimai,214779431,,素人眼镜胡渣男可以的，举爪
tell高恩雅,27616561,,好像红楼梦里的惜春吖
童话末,122942805,暴躁/lo娘/死宅/碧蓝航线/和平精英/王者荣耀/阴阳师/百闻牌/偶尔出出c,出不了门只能看美食视频[大哭][大哭][大哭][大哭]
杜微g,11736448,,位置在哪呢？想去吃[妙啊]
努力学物理的Ray,56891114,平平无奇的物理PhD在读,n刷，真的好想吃炸串，过年也不在家，心里暖的人哪都美
一只哈皮猪,67097811,不夺人妻女，不抢人钱财，不争人权位。,我个人觉得油炸比烧烤顶。
染了个我,26214413,,[热词系列_可以]哈哈哈嗝
GINTOYI,75135145,勿来视j本人动态 滚远点,太馋了 但我又不能吃炸的  哭了[大哭]
掰之壳,19804857,,我们这鸡架五块钱一个
青川辉丶,70564578,,求求来新疆啊啊啊啊啊！！！！
纳格兰的金色平原,28500558,看，那人像一只孤独的鸟。,哈哈哈哈，葫芦娃和哪吒。
大菠萝PNP,395923798,这个人懒死了，啥都没留下，哈哈哈哈哈哈哈哈……不可能，我留下了～beauty,这是我看盗月社的第一个视频
松下炎Matsushita,24974573,松下炎樱你让我陷入疯狂,大半夜看这个难受啊
闪电爆米花,270092630,不同选择，不同精彩,这个时候杨树梢好瘦
衣叉咖喱棒,1795279,,来东莞大岭山吃荔枝柴烧鹅吧!
欣欣酱油小花醋,23740358,,这是哪家店啊，我要去打卡
小二郎天天向上,22806340,,着两位真的很逗，一个接一个抖，一个抖一个接
二次元超级会员,37550309,,沐上是这几年给社会毒打多了吗，完全两个人啊
哈氏蜈蚣,20908847,,"卧槽 沐上
这是活生生吃出来一个自己吧"
雪域寒风星辰,14544617,,作为一个在南方工作的鸡西人，最馋的是鸡西的冷面，辣菜，刀削面和炸串[2233娘_郁闷]
l夜微凉l,278325999,,上次点了一百块小串配酒就拳头大一把，卧槽一瓶酒没完串吃完了[]地点佛山[]这100直接上两大盘[惊讶]我就想知道上次那小串利润有多高？味道还tm很普通[生气]
饺子馅sy,272948408,,现在是晚上12:23，我……准备起床……吃……点……啥
超级小儒丶,19700745,,去厦门啊！中山路，曾厝啥的…还有曾厝里有家百年老店的沙茶面，多问问人就能找到地儿，那个汤是真的绝赞
叶雨,2287081,今朝有酒今朝醉,好想吃饭
HAHALONGLONG99,8691804,不要温柔的走进那良夜,说千寻父母的是想笑死我吗
非法小姐姐很懂法,436353467,粉丝点赞号，线团在,啊去死吧
亦始亦终,24191930,如果我用力爱你，能不能让你放下一切单纯地生活。,东北吃炸串一定要吃炸六号肠，巨好吃[支持]
我滴妈这可咋整啊,50455448,,吃冷面，来延吉来延吉来延吉啊
今天天气真好呀hhh,88802810,为了嘉嘉努力升级,大佬骂人也好苏
暖心喵酱orz,11840064,"
",我曹 沐上你经历了什么
举报不良言论,11211091,"地域黑无脑喷biss
屏蔽词日益增长
评论区不忍直视

建议黑名单无上限~",挺好
利姆路特恩佩斯特,32500292,,我喜欢吃炸年糕
不悔不返,48184197,愿此生平淡而绚烂,去东北上了四年大学，到看到你们吃东西的时候感觉什么都没吃到的样子
努力学物理的Ray,56891114,平平无奇的物理PhD在读,美国的夜啊，无聊且寂静，深夜想吃炸串，馋的不行了
正直男神,35988962,习惯源于无聊,北方做生意，大气
半夏丶夜微凉,33197060,,嘎嘣脆
世界第一乔碧萝殿下,229090683,我不明白为什么痛苦都有三六九等,[画风突变][画风突变][画风突变][画风突变]
消0浅,44266303,,好饿呀[大哭]
一颗蛋Egg,431346382,记录生活,别吃了，给我留一点qvq
橘橘子姑娘,247591464,,哇靠曾经的沐上这么帅？！！！
亚历山楂,2862068,nininininininini~,那小孩儿真可爱~
是善瑜不是鳝鱼,434454677,,青岛的哪个啊
心花丶路放,225887624,不要c(RДQ)ノ,有多少鸡西人看
亦_白,18896602,哼唧,大佬声音太好听了吧！我可以了
君则清,14732802,不忘初心，牢记使命。,B站up，方可成，支持港D废物，大家举报它。
账号已注销299441,293555896,,我擦，辛苦了，不用这么吃吧
学校门口烤地瓜,154212490,,实蛋不是皮蛋谢谢，是两个东西，做法完全不一样，味道也不一样
编程好难哦,9211803,吃,神他妈父爱无声
编程好难哦,9211803,吃,所以说，每个看起来其貌不扬的中年男人可能在年轻的时候都。。。[吃瓜]
流云蜀绣,27428725,,镜帝是谁   惹你了吗
我是呱呱蛙呀,21345140,易烊千玺的宝贝,笑死哈哈啊哈，现场打脸
bili_21362302,21362302,人的一生很短暂，所以没有时间拿来抑郁,锦州最好吃的炸串，我认为是老锦州中学，现在的铁中那，杭州街那个炸串。劳资的青春[大哭][大哭][大哭][大哭][大哭]。。。
bili_21362302,21362302,人的一生很短暂，所以没有时间拿来抑郁,"？？？？？？？锦州？？？？？？
我一锦州人不知道这个店"
洛翎_minnalokce,384429137,,哇，那个小朋友好可爱
双马尾蹭得累,611701,理性无知,这两人是学播音的吗？
胡萝卜炒栗子,21624384,,我爱盗月社
一堆西红柿子,77194084,"产品名称: 新型国产吃喝玩乐垃圾制作器 
生产日期: 18年前 
已激活 
不退不换",啥！最后说啥！
我是个有黑历史的人,27376207,,还好我对这种油炸食品不是感兴趣（上火警告）
瞳沫雨,23856523,墙头众多，白月光桃林，心头肉云次方,这个店在哪？
王某某_XM,37648487,不可结缘，徒增伤感,锦州十八老字营之一鱼鼓营，号称徐字王旗下死战第一……………………
不听派小锁酱,4036519,,来四川眉山吃，都很好吃！
不爱唱谱的吉他宅,283291866,,湖北武汉
塬杳杳杳,210143094,,树梢真美，母上真帅
大魔王的小米粉,37169970,,每一个视频我都看过 到后来发现我一个都没有评论过    今天我一定要评论一下   爱死你们啦     我也要去你们打卡的地方吃一顿   哈哈哈哈哈哈
吴美丽挺琦怪,18977889,http://pan.baidu.com/s/1hrOzy8O,有呀有呀抚州的[惊喜]
你要我怎么荔枝阿,69873233,,馋死了
三无三三,25949166,,我的天呐  沐上是经历了什么成了母上
住在地球上的沙雕网友,20253914,什么也没有哦,我不管其他什么，只要是吃烤串的视频，我就三连
夜宴0211,259423786,"未淼奈遥加油！
",树梢好像千与千寻里面的一个角色
夜宴0211,259423786,"未淼奈遥加油！
",好
只念枫月,4681300,噫！萌萌哒二念念在此！,曾经的辣个帅锅是SEI
苏欲学弟,30840680,沈鸢,老板的金手串一看就不是普通人[滑稽]
Glullaby,5266932,,走了啊！！
徐徐徐1023,40962756,,我的妈呀我是锦州的！
SisanPL,16725412,人的力量是有极限的……,油炸的蘑菇无法抗拒
人间小甜瓜Wyz,260563194,不气馁，有召唤，爱自由,黑眼圈好重，多休息
寒烨红炎,223072689,流离之人追逐虚梦,在我家乡唉
玩游戏暖暖,10939826,学会喜欢生活和端正学习态度,2300
小黄拖孩,290474285,一个一个人的人,一看这招牌的款式就知道是东北那嘎达的
抖动的串串,8336765,世界在下沉，劳资在狂欢。,我国庆终于要去锦州了  还有啥推荐的美食吗！！！！
秃头离我不远了,67294165,Jack ，I swear ,我为什么要在半夜点开这个视频[呆]
小盐salsita,9109645,音乐是热爱，也是生活～,父爱无声什么鬼啦哈哈哈哈哈哈哈
因果源源不断,40475890,常常觉得自己不够变态，才和你们格格不入。,女孩好像香港某女星，港味十足[滑稽][滑稽][滑稽]
大发哈哈哈睡觉睡觉睡觉,325886716,,我还在想是哪里，一看东北居然还有胆子查了路线！一千多公里
荒年盛宴,11949078,,大佬是谁啊
亚莉克希娅,17004835,,甜的都是邪教[微笑]
夏不圆的团子,34417342,,晚上看也太诱人了叭（/TДT)/
spelloverme,289840589,,我喜欢吃鸡边腿和小熊伴嫁还有黄金糕 太tm好吃了
空dogLML,17085792,,岁月是根擀面杖，越擀越圆
喝碗馄炖,156673013,大扎好，我系轱天乐，我四渣渣辉，探挽懒月，介四里没有挽过的船新版本，挤需体验三番钟，里造会刚我一样，爱象节款游戏。,这俩货真有意思
鱿雅,2136109,,东北冷面我推荐延边的顺姬冷面![微笑][大笑][大笑][大笑]
15年老龄博爱粉,114930980,(``a),我就告诉你九台冷面最正宗！咸淡 热汤冷面，朝族冷面是酸甜的，放的荞麦面
委内瑞拉尼加拉瓜,388313156,,咋瘦拖像了
唐棠糖溏,106428927,,正在减肥的我已经看疯了
ChrisLin23,40794862,,2.12bgm是啥？？
一曝十寒的小刘,26516675,,这期咋没有bgm
最爱番茄酱炒蛋,28275634,风华是一指流沙,我是四川人，以前去北京，吃了一次传说中的冷面，我只想说，太难吃了！又酸又甜，一股色素味道，吃了一口没吃了，可能我真的吃不惯吧，我还是喜欢咸的，辣的。
彩花猫,178515480,,我们这边有一家老店，煎饺特别好吃，每天都卖爆，不过有点油腻，但是真的好吃啊
彩花猫,178515480,,偶遇老实人
妙龄少女周阴婷,65539817,,身为鸡西人骄傲哈
b0oo0o,21769465,"bilibili弹幕网你属实是飘了啊。
",他们家的炸鱼特别好吃
去草东开个派对,214217893,,最后说的啥？！
带带小学僧,15553906,不会真的有人找我约架吧,这家我去过
带带小学僧,15553906,不会真的有人找我约架吧,锦州！
683247,26551945,去成都定居吧。,第一眼以为那是炸香蕉皮 看着很好吃
凉白开冰块,315975214,,锦州的烧烤好吃吗……我在锦州上学也觉得不好吃啊
海海海海海海蜇皮,327601393,励志做一名多功能up主,报个地哪天我去吃[吃瓜][吃瓜]
幕夜o,271626108,,盘锦河蟹，八月节正品，十一完美
白衣青衫123,26104172,,打卡，但是觉得他们家好咸而且还好腻。
老\子,303637540,,炸串里喜欢吃鸡皮
瞬间觉得好多好多好多呢,359302452,没签名不会,吉林省延吉市的，延吉冷面了解下
飞扬金德,17792067,,这是废柴兄弟的艾玛吗。，，
0x5f375a86,28042258,,东北敢吃一百块钱炸串的，肯定不是俩人一起去的哈哈哈哈
我也妹说话啊,39511006,希望在你们的故事里，有一个好的结局。,现在在重庆，真的想吃东北的饭包，炸三样，锅包又，拌凉皮，麻辣烫，过桥米线，炸串，烧烤，等等等
二十四小时开车,56306213,"陕西眉县金渠镇徐香猕猴桃
5斤/45元；10斤/90元。
多款包装，现摘现发，邮政/中通包邮。
贺女士 188 2907 3008",卖…
那天的雾霾,22187079,喜欢声音苏的胖纸,木上，你经历了啥～ 在线求解
奋起的Austen,67196025,Time will tell.,曾经的沐上照片一放出来，就想叫你住嘴，沿着网线爬过来把你的碗抢掉。
真女神转生玩家,228252561,专攻真女神转生旧作，偶尔大航海OL或其他老游戏,友情提示，东北菜量大便宜，但油都大，所以东三省肥胖率最高，我认识很多南方小伙伴都被催肥到她妈妈都不认识
zdsfdsfdsfsdf,33839080,"昆仑巅，江湖远。花谢花开花满天！
今生缘，来生缘，缘起缘灭缘蹁跹！",看着好腻，全是甜的啊。
士多啤梨儿,4860666,NOW FIGHT,总有一天我要把东北吃个遍
孤独的人有他的泥沼,1113254,其实我也深陷其中……………………,黑眼圈好重。。
a-Onions,28100330,,在哪儿啊这个地方？？我饿了
B言,8969453,hmily,隔壁小孩馋哭了。
红桃-Q,406910390,爱我的什么呢？爱我这一身浪漫主义的灰烬，爱我这无用的审美和感知，还是爱我三分钟过完一生的想象力。,我我我我吃过
不CHI芹菜,125411683,撸起袖子加油干,好开心，有牌啦
番薯圆,18999945,,乐山的油炸串串也超级好吃！！！！
小东西长得还挺别致,327561389,"求大佬们的素质三连（疯狂暗示），求关注！！
上车进新群：741950422         814252782 
超级优惠，白菜价，免单群。",请原地结婚，一直在秀恩爱。
多点香菜哟,95658951,……,你俩真有夫妻相。
丘比怎样做好吃,346172650,,我只喜欢碳烤，炸的太油吃一点就腻
锦州老好人ss,8573455,,锦州！！
姓张_名林九,38012198,三个字：顶级的顶。,我。。。这什么时候的，我锦州人啊
你那馍还吃吗,173506033,,有些4级号，看着自己快到5级，就到处叫人哥哥骗赞，真是不要脸，你说是吧，哥哥们
斯缇可可,7485137,多人使用账号,什么时候去长沙试茶颜悦色呗
洛微客,14362697,我劝你还是去打仗别去爱了。战争里不是死就是活，可是在爱里，你既死不了，但也活不好,锦州人这呢
jinghong10,94736356,"二手车评估师
朋友眼里的职业汽车专家
客户眼里的车贩子",女版孔连顺
炭炭就是逊啦,161701069,br111572edt,明明是大佬饿了，为什么你们吃起来了[滑稽]
书沧生,254176391,,树梢姐姐确实脸小，还没个蘑菇大[doge]
一念巴别塔,97157075,这个人很酷，一句屁话也不想写。,沐上，以前，好正[画风突变]
呼啊,5318307,,吃不惯冷面，酸甜口的面实在太诡异里
朵朵朵朵朵-,89391485,,父爱无声
日渐秃头的卷卷,62489546,陈 拾 望,果然  时间是一口增肥剂
风的季节到了,321879739,,到底经历了什么沐上变这样了[惊喜][惊喜]
看热闹爱好者,20594511,,啊啊啊地址在哪？
lin酱j,67801388,cr 你（）什么时候（）啊,想去东北吃[大哭]
上帝和加菲猫,5887182,,有南昌的约一波油炸吗
小刘一定中奖,24671110,,想知道青岛的店在哪里！
拓拔流照,76859116,人的痛苦本质源于对自己无能的愤怒,我只会在过年才吃油炸食品[呆]
脆骨秃头兔,37633822,现在入坑全红婵 我就是老粉了:）,树梢真的脸小！！！又高又瘦！！！！沐上……emmm挺上镜[doge]
中_华_万_岁,98559072,所有的时刻都会消失在时间中，犹如泪水消失在雨中。,这期表情好像吃的上头了恍恍惚惚的
义乌安源源,12215635,等雨停下不如和雨共舞,树梢黑眼圈好重了啊，注意休息啊
每天睁不开眼睛,31841124,你想让我说什么,第一次吃他家吃了12块钱，嗯还挺便宜，下一次带同事来一人吃了四十多
不用圣水修高达,40121468,,帅哥你谁？
绘梦酱i,1529293,"アニメが大好き～～～
努力努力！想要变的更可爱～",看你们的视频我好饿啊
薛小胖,2353689,,2个鸡架花了4块钱 为啥不花5块钱买5个鸡架[呆]
均仔仔,88857120,苟,看个等级
一抹贱贱丶笑,17834974,哈哈，魔都副本ing...,看下等级
褚银河,3991473,这人很神秘，一个爪印也没有留下,完了，我想吃这家，我要地址杀过去呜呜呜
沧溟物语,171607,,实蛋就是鸡蛋液放碱然后上锅蒸出来的
这分享居然暴露了,2881113,26，必须是26，怎么可能是24,哇，我关注了还没一年吧？沐上这脸，肉眼可见啊！
你跺也q,67563909,啦啦啦,我说蹲大号不能看你们的节目吧，谁会在卫生间里咽口水啊？[]
Gamonth,399287612,无,机器后面的不吃吗
取昵称真麻烦qwq,87462230,"一片云替一首诗白成了生死
一匹马替一坡草向深秋奔去",把人生一串里面的吃一遍怎么样？
魏老憨_,10930995,,我高中时候他家还是小推车，那时候卖饭十块还是几块一份，一份饭一个炸杏鲍菇一个炸鸡腿一个炸鸡蛋还有一串大白菜。那时候我们都4个人一人两块钱打车去买，是真的好吃还实惠。可他家后来不卖饭了开了店了我们也毕业了[大哭][大哭][大哭]
Azaleama,11796167,"有一群玄鸡
",盗月社不能看！一看就想吃，四处吃，到处吃。……没空…… 馋着吧[大哭]
今tia也开心鸭,15293133,所以我这是没什么好看的,树梢你的鼻影为谁拼过命吗
怡宝叉会儿腰,12111718,"别关注我！！
水视频大王",想念温州的泡泡了
不想翻身的好咸鱼T_T,81553838,不知君可闻，山中人，洒脱风尘过此生。,为什么我家附近没有卖炸串的店，只要烤串[]
nnn666abc,37927242,没什么好说的，我就随便看看,像蒋欣
Jimmy_008,340855850,,山西的面食
给我带杯珍珠奶茶,29190485,,沐上好帅啊……曾经
神奇小皇上,252598134,,这家店给个定位可以吗？up主[doge]
rita19861986,19535932,,这家感觉口味应该一般 因为二位没吃到上头 也没强推
小圆想当富婆,15620014,形而上学，不行退学,快去延吉！！延吉！！！延吉！！
小圆想当富婆,15620014,形而上学，不行退学,不允许你们没吃过延吉！
少女螺,18223272,,来石家庄吧 带你们吃缸炉烧饼
阿赫贝琪,160186159,只要你足够虚伪，就不怕魔鬼,岁月是个打气筒，再怎么帅的帅哥都会被吹起来[大哭]
狂热月光,7175519,啦啦啦啦德玛西亚,？？？？？？？？？？？？？？？？？？？？？？？？？？？？？？？？？
是闰不是闫,19984533,Wubba lubba dub dub,随手一个币奉上
我家有个养鱼大人,1584514,无言独上西楼 月如钩,你就是想穿泳衣，下一期直接去海边拍
一个星昵称,43678092,,这两人什么时候结婚？怎么这么配！
在路上的忻,365899544,,流口水了，致命诱惑，到现在还没有真正吃过正宗的炸串[大哭][大哭][大哭]
大叔气质正太心,2699706,,从最开始的视频看到现在，母上就是我看着一点点的变宽啊，一直看还感觉没啥可是现在看第一期的母上和现在的母上简直让人怀疑人生[小电视_发愁]
账号已注销,362374400,,貌似盗月社食遇记也被抢注商标了，不知道这个深圳市壹时代表业有限公司是不是up主的公司，不是的话就麻烦了。
黏黏小萸,32778416,独角兽降临在钢筋丛林,我的天 北方人太可爱了 你们真的很有趣
杜阳生,20058761,,我有件和这一样的衣服，蓝色的
帝都文哥,335095795,"你的人生不是父母的续集，不是子女的前传，不是朋友的番外。
",我能说我看上树梢了么？
叔叔就是这人,231116303,这个人不懒,想吃
Noansen,38207893,,吃炸串不来哈尔滨？告诉你什么叫从小馋到大!
真酸233,95962706,,喜欢烧烤，不喜欢油炸
淡淡夏末,44149888,一日难再晨 盛年不再来,父爱无声？？
变成橘子的柚子,36642517,众生皆苦，唯有自渡,我想回去第一期考古了
丿incredible,14088846,,最后一句说的什么啊
Ssaづ,9186531,,刚刚在锦州毕业
我愿你知道ysn,8730545,,到底是什么声
月下花青蝉鸣,190842124,追星星，而不摘星星。,这么多吗！！！！！
机智的杏仁不会被吃,86225055,,什么时候来大福建玩鸭
人在旅途之立夏,108795250,要幸福呦！,确实是胖了
流暖年1990,19542535,,父爱无声[滑稽]哈哈哈哈哈
浮き世`,11833989,寡人有疾，寡人好色,盗月社建个群吧拜托，好想找些同道中人一起去吃视频里的东西
阿瞳酱,562985,这里阿瞳请多指教o(*RQ)ツ,大学毕业之后就没回过锦州家里房子都买了…从来没吃过这家串，突然有种回去尝尝的冲动
KK澄F,562486,,"出差10多天回来补番啦。
油炸的确好吃，但我自己是一个月难得吃个1-2次，每次也就要个2-3串。个人原因吧，很香，好吃，但不多吃。
[蛆音娘_OK]"
饱饱丁,269098329,,这个妹纸吃的毫无做作，说话豪爽，感觉特别舒服。
GMM家氛围好好的感觉,272911620,,父爱无声
拾瓜子的笨笨,21484356,要加油。,有一种整容  叫   沐上胖了[抠鼻][抠鼻][抠鼻]
雪辰000,255107241,,在上海工作的锦州人，期盼着回家
森哥安德鲁,1483845,注册此账号只是为了证明我在百度上检索信息的能力没有退化。,只要有馨，就有好蕴！
康康是贪吃鬼,11319979,鹅子的妈妈是我鸭,店里吃面怎么还要套塑料袋呀，
岩之煌煌何其一堂,19032121,,皮蛋是松花蛋吗
夕兰,31488332,,为啥我买不到这么便宜分量这么足的串
sexybao88,95822669,,锦州炸串的灵魂是炸土豆
bili37,2975098,,B站好歹我也5级了，说实话，看这么多视频能让我真正开怀大笑的真的太少了，但是I月绝对算一号
星海味饭团,79980988,是星海呐,最喜欢放学后约上另一个学校的朋友，去家楼下的炸串车那花十多块钱大吃一顿[委屈]
在吃一个苹果,2163078,,青岛那期的av号是多少
少干多拿脸皮厚,72897113,,鸡架  冷酷50块一麻袋 我总去买来喂狗。。。还有弹幕说咬不动的的不是好冷面。。。正宗冷面都是荞麦面的 现压的冷面 没没剪子 牙口不好的咬不动  现压的冷面 都是深棕色透明的 我不吃冷面。。消化不好的也别吃现压的了 想想就胃疼
余道秋_,281423100,有朝一日不失眠.,我真觉得我炒得像烂泥一样的蛋炒饭像猪食[呆]
姜蝈蝈,39747773,还是喜欢宿傩,2020
路灯上面空荡荡,158401117,皇帝的新签名,刚吃过饭，越看越撑，但还想看好几期[无语][无语][无语]
一个豆啊,65883490,为了证明我不懒,马上去买杏鲍菇
蒙哥可汗,17218332,此人太懒，什么也没留下。,父爱无声[嫌弃]
谓之狄克推多,11723443,大啊啊啊啊啊啊啊啊啊啊啊啊啊啊啊啊啊啊啊啊啊啊啊啊啊师球！,进来结果发现看过了哈哈哈哈哈
墨雅熙梓,238751929,,还有枣和山楂糕？看眼界了
Thanks广坤,356684714,帘外雨潺潺,非常喜欢你们，能来延边朝鲜族自治州吗
墨雅熙梓,238751929,,大半夜都想不开我[大哭]
AJr…,5923504,不曾离开 不会忘记,就为 诶调虎离山 投币
高大炮仗,14568670,最爱鬼畜,请你俩原地结婚
肉菇爱吃肉,11695249,infinite   inspirit,哈哈哈哈哈哈父爱无声
臭小乖的老父亲,8255410,,你们知道童子尿蛋吗？
未星JK,276233234,,今年计划开车回去，路过锦州我要去试试
qin城绝恋,1904808,Hotel Cailfornia,第二首粤语歌叫什么啊
王麻子_-_-,48654500,我懒死了,地址在哪！
白瓢宗宗主,4203632,,嘎嘣脆的串串！
违规昵称找不到,99027008,,岁月是把杀猪刀
sukyair,10721672,看东西模糊？要节制哦,想看哪吒 金刚葫芦娃的....[吃瓜] AV22684270
给我时间倒流的魔力,10677228,,推荐来德州，德州三宝 扒鸡 西瓜 金丝枣
夏言言くん,5881446,六年了，号打算送人了，b站已经成为了名副其实的视频网站，却不再是曾经的樱花庄了。大会员就当是为了曾经的情怀充值吧。,俺们以追随脚步到达了锦州！
大大的棉熊,15833800,画画犯困请狠狠拍醒我,哇 这酥脆的声音
刘阿宅阿,5721323,移步收藏夹,母上最后说的啥（四个字好像），没听出来，求告知[尴尬]
Guns-,368872674,,济南的天下第一粉的朝鲜面  石头砂锅那种 很不光滑的砂锅 汤汁很浓 配菜不多 但特别香
可爱并不是长久之计,98442839,,母上经历了什么？！！
dust的sans,232699604,,毛蛋
Capricorn00,1271166,,我不行了，我好想吃
爱情这门课我挂科,186954527,,锦州人右边集合了
HxmXys,62530043,,东北天妇罗
月半才不园,36596334,,来锦州了呀！！！
五只鹅在花田里犯了错,428259958,,我滴天，沐上好帅一男的。
语病,2287270,纳尼，我竟然中了二向箔？！,鸡蛋饼。。。
啊桃哥,328043579,游戏  逗比 傻子  神经兮兮,少熬夜，预防cusi
幻龙鱼,15125873,,看片尾的来集合了拿家伙打瘦他。
Mistletoeぺ,4710835,做我所想。,曾经的沐上！！！我疯辽
sarter box,600552,,现在的沐上过去这么瘦？？
皮皮卡丘们,65359363,干杯,来天津吃啊
消佚于晨曦,6388894,,锦州啊 第二家乡啊 想念夜市
哎呀你的绿姐姐,113493478,故事的小黄花 从出生那年就飘着,啊啊啊啊啊好想去东北吃炸串吃烤串
securite,24126997,,我去看了最前面的几期，发现沐上已经是现在的颜了……到底经历了什么？
古青,14382010,不过是些许风霜罢了,又吃减肥餐?
九月心长,16033513,是个好人,没黑眼圈和眼袋凸显了你美的特点
九月心长,16033513,是个好人,"请问大哥你经历了啥，那为帅哥和现在的你?
what"
明青明青得第一,394002359,,这个女主持总这么大吃大喝，早晚变圆滚滚了……
存在感Akari,1956628,，，，，,期待有一天回来武汉
冰蚕仙尊,18721158,梦归何处。。。,最后那个是什么声音？
OPPOReno手机官方,283892223,其实我也卖vivo,最后母上说的啥呀？听不懂
修应卿,25821811,,一人血书沐上做回自己
暴躁猫咪妹妹,34734849,嘴臭已经有了人传人的趋势,看的我马上叫了个外卖炸串
猫轩咯,396851527,,为什么我放着放着视频就绿了
lettheoceanflow,15121921,,曾经的沐上我可以
非韭非韭,442996874,,太有意思了
xuanlovej,16191124,,去锦州一定要吃豆角烀饼啊！
爷良辰求X美景O,79571961,,看别人吃是啥感受，我好饿啊[大笑]
注册名字12345,21961580,,芜湖啊！小吃好吃啊！
生菜终结者,46485969,,苦逼的摄影师只能看着
Kid赤赤,2794046,,360°无死角沐上→av22588868
一个爱看帅哥的小仙女,401784374,人生恰如三月花，倾我一生一世念。来如飞花散似烟，醉里不知年华限。,沐上原来那么帅啊！不敢相信！胖若两人
贝吉塔桑yyds,110727245,,想去锦州了。最近还在减肥好纠结。
`均丶,40083358,这个人很懒，什么也没写,100块钱不喝酒，能整老多了[小电视_笑]
璐ya,33404659,,父爱无声 哈哈哈哈哈哈哈哈哈 学到了学到了
一日谈,85301220,请你喜欢我，如果可以的话,厉害
一七一夜,38390164,"没有戒不了毒，只有戒不了爱。
",刚刚从锦州回来
考拉_Carla,85774685,"原名【理智的颜狗】。
有四个小伙伴关注我时，是这个名字。
备注一下让你们知道。
",父爱无声？？？
玉漱桐,313800320,,悄悄把你两吃成啥样了[滑稽]
无双怪学长,35774209,,父爱无声哈哈哈
吸吸欧皇毛利兰欧气,51536695,如果觉得自己是块金子，那就去烈火里淬炼吧,好想去东北吃各种串啊！！！！！！炸串烤串！！！！
如果这都不能红,110657446,,来自一个锦州人的呐喊 看看锦州烧烤啊看看锦州烧烤吧
追求繁星的孩子,28408010,爱吃好吃的,有机会可以来襄阳 来尝尝襄阳牛肉面配襄阳老黄酒（早餐喝酒哦）
人间怪物SC,103287523,,岁月是把杀猪刀啊[画风突变]
言花言fafa,4669052,好烦,最后说了啥
咕力咕力不是叽里咕噜,46253254,,这家我吃过emm超级脆甜口的
艾小昂,2292676,,去内蒙吃蒙餐吧，都是肉
小番茄酱子,256700412,,巨能吃啊
8012-flag-全塌就是你,55463087,再熬夜我就是狗！呵呵哒！,曾经的母上和现在的母上，我有点晃眼[无语]
埃克斯大叔,13837680,,来苏州呀
ZZW的虚无,208813504,,锦州去笔架山[微笑][微笑]
看板凳倒地不扶,228204770,,不喜欢甜的
风真温柔-,287868437,这个人很神秘，假装什么都没有写,好饿啊
和我说说话叭,111625145,自信快乐,好喜欢树梢姐啊啊啊
是见崎桑鸭,9081439,正在努力攒钱争取换一台可以直播的电脑2333以及是评论区年更up~  （经常扯淡的群:563050057）,下下月就去锦州上大学咯...看着吃的终于能吃了
喵了个咪dis,267055428,,以前的沐上好帅[喜欢][喜欢][喜欢][喜欢]
芬段,15440909,,食贫道
爱豆弘基,236172317,终于成为会员了，天哪，用了快一年，答题总有三四次了吧，每次答题都答一半放弃，终于在这个夜黑风高的夜晚成功了，哭唧唧，不容易。,可不得吃完炸串再吃冷面呀，你这都吃完了怎么解腻呀
爱豆弘基,236172317,终于成为会员了，天哪，用了快一年，答题总有三四次了吧，每次答题都答一半放弃，终于在这个夜黑风高的夜晚成功了，哭唧唧，不容易。,要记住你们俩是要结婚的
削人棍专家,220472,,把这期视频发给你们的健身教练 会不会被打死[滑稽]
沙哦,158294211,,你们视频最近是开了慢速吗？
茗xixi,354013918,学习！,啊啊啊啊啊居然在锦州！
春风一顾等闲度,18877468,要变得更闪耀。,什么时候来延边吖，好吃的太多了
慕一233,18270719,,不是大佬饿了么？？
君越越,35452395,,盗月社的大大们什么时候来大连啊最近正好大连啤酒节
波波小钢炮,24983963,,镇江锅盖面啊
睁眼了瞎,12948163,,神tm父爱无声哈哈哈哈哈哈哈哈
轶秋,157734706,一言难尽算不算嘞,树梢极其生猛的吃相。有点可爱是怎么回事啊。
狼队5408被吊打,67643229,,我们石家庄没啥好推荐的……
西街雪,17854801,,推荐宁夏银川的怀远夜市，还有宁夏特色辣糊糊，快来，快来，求在怀远夜市偶遇
PS_Talman,784049,,欢迎来我们大武汉吃好吃的，绝对比你们吃的好吃（吃对位置哦，本地人爱去的）
采梓喵,36171516,,这个鸡肉串一看就很好吃 那个肉质
最可爱的胖脸兔,21933118,,。。。
pony2oo,7301131,,回家一定要去吃！四舍五入等于和大佬结婚了～
苗苗不许回头,100412702,,想要你来西安吃
staylea,101335603,希望我的手不会弄脏那从天空坠下的光,这不是粉吗？
双子座的盒子,422169185,愿选择与思想不再被约束,吃方便面吧，人间美食[doge]
疯癫双,4591056,伤不起的小护士。。。,哇⊙ω⊙锦州人表示真的是我的宝藏炸串店了
不理卜利的布理,5696922,,今天不太开心，又来看一遍 开心一下！好好睡一觉，明天加油
BABYCOMEBACK99,131667176,,哪家啊
桃夭柳烟,112409169,,福州聚春园佛跳墙
真玄战,333495,吃水不忘挖井人,事实证明 肥胖就能学会变身
旭蛋蛋桑,290466624,R30727,我们全家自驾游我强烈要求去锦州结果我们路过两次锦州都没去 我亏死
perhahAA,39500699,心上田，田下心。,谁能  帮 点赞   我的  最新视频？[委屈]
不务正业的魂酒,76669763,,杨女士逐渐巨大化[doge][doge]  是的  翻开以前的视频   现在更膨胀了[滑稽][滑稽]
十万朵菊花10万个擦,14658698,,谁还没有年轻的时候！
燃犀WQ,387199527,,锦州烧烤 想吃
喵呜uuuuuuuuu,53070805,……,什么时候来南昌啊！南昌的水煮炸串真的好吃！
我叫崔满满,263581138,,去长春吗？？长春有什么好吃的呢？
喵呜uuuuuuuuu,53070805,……,"很不好意思地说个笑话
之前吃水煮，隔壁桌有个小姑娘说：我喜欢吃酸的酸的开胃
她爸说：你用的着开胃吗？开胃这个词是给吃不下东西的人用的……
……亲爹"
请叫窝总攻大大,13230583,窝最帅,所以沐上最后听见了什么
我真的好欧_,8399116,成分复杂，喜欢的太多～但是vox nina除外。自娱自乐刷屏党。,一边健身一边看沐上树梢吃炸串  唰唰流汗还咔咔流口水 又爽又折磨
就是一个胡萝贝,262353322,,和青岛的炸串比哪个好吃
梦起流光,29103802,,炒焖子?
姑射之水可以煮粥,10212630,,天哪！母上！！你……后悔吗？
小耳朵Zoe,23882725,一路向北,默默把母上截图了哈哈哈哈哈
反过来说可,4703215,咸鱼,你俩眼圈好重啊！回去好好睡一觉吧[蛆音娘_睡觉觉]
FAJ1452,363247936,迷茫,神仙屁[doge][doge][doge]
元夕子,26072418,好饿,锦州在什么省啊（呆）
狗尾草喝西北风,32346736,天际难为,好帅啊！
夏天的水草呀,396798815,想不出个性的签名,隔着屏幕都感觉到了，这个炸串很好吃的样子
薄荷糖大魔王,16079142,纽约到巴黎,父爱无声给我笑绝了哈哈哈哈哈哈哈哈
薄荷糖大魔王,16079142,纽约到巴黎,帅哥你谁？？？？？？
短版小红帽,11928871,啦啦啦啦啦啦啦,高能1分20秒
查杰的宝贝小甜甜呀,32249929,查杰是我明目张胆的偏袒，羽生结弦是我众所周知的私心。梅溪湖是真的！,帅哥你谁？？？？？
查杰的宝贝小甜甜呀,32249929,查杰是我明目张胆的偏袒，羽生结弦是我众所周知的私心。梅溪湖是真的！,红红火火恍恍惚惚你好好看哈哈哈哈哈哈哈哈哈哈哈哈哈哈哈哈哈哈
yami酱2333,2646833,lo娘，手作娘，脑洞发电机。微博：@yami酱是个会手作的兔叽精。欢迎来撩,来锦州吃烧烤啊！
HerbertKwok,17961380,一万年太久，只争朝夕。,烧烤牛逼！
恋川春菊我老公,258774446,,我的妈我最喜欢摄影小哥的声音了
一大锅番茄牛腩,404034394,,这是哪家店啊  我在锦州辽工上学都不知道[大哭][大哭][大哭][大哭]
不是棉花糖,61907171,,炸串最喜欢的，还是年糕，超级超级超级无敌好吃啊！
不是棉花糖,61907171,,炸串真的好好吃！金针菇和鸡翅是必点的
有你足矣pyy,35102683,stand   by    yuchun,沐上瘦了也太帅吧
眯眯眼的Monster,284190761,元气满满～,叙利亚的秘密？[滑稽]
灰雨微夜,79629695,,只有我关注那位想合照老铁，多诚实的一个人啊！
大吉祥呀,58365278,无所从来，亦无所去。,摄像大哥也太惨了吧
神圣不可清饭,97750174,,上海静安区南京西路奉贤路的水丰锅贴！！！
Sgys9569,23300800,,我要推荐沈阳太原街的一途!日料又好看又便宜又好吃!
午间闲谈,652980,,喝个锦州的大双八酸奶！旁边的葫芦岛还有温泉可以泡！
九月,17996623,山中何所有，岭上多白云。,卧槽沐上好帅啊
泰吉尔难勒,12873087,,来黑龙江啊
婧哥哥的五花肉,286444774,天啦噜,说的很委婉了，酱给的少
归郁夜羽,102874932,,本来想买鱼排结果买成了年糕的我
史拉德多,46924755,,去锦州一定要去吃锦州烧烤啊，全国有名[滑稽]
十八卯叶,110160438,,青岛的那家在哪期啊 地址在哪儿啊
温鱼的日常生活,76957859,搏一搏，单车可以变成更好的单车,"我jio的，如果沐上减肥的话收视率会暴增
手动滑稽"
白磷上行,544019,兴趣爱好:拉黑一些さび,沐上为了节目牺牲太多了哈哈哈哈哈
0-_a,40885962,,锦州？？
找个昵称真烦人,27717394,我的签名就这样啊,倒回去看了三遍，曾经的沐上大帅
宋宋宋土豆,27952179,粉宋F浩宋村傻宋画伯宋手指和AOMG的记录日常的账号,我在评论里马了很多锦州好吃的！
赛文赛德斯,28641689,办法总比困难多,曾经的怎么差别这么大
威海小王同学,23689457,"任何有关二手车方面的问题可随时咨询我
本人微信: 15263106278
",为了观众天天吃肉，吃点素我们也爱看
从三石,35817453,感受世间温度,我在浏览器上看到有盗视频的。。。
晶之极,20473130,,这算工伤
迷茫小火3,12635367,这家伙很懒！什么也不想说！,父爱无[捂脸]
Shin_L,11145306,,我是看着沐上一路上吃胖的
威武的空空,4816467,,我还记得我刚到北京看到就三个人吃烧烤，满地签子，惊呆我
仙贝仙贝仙贝,22533940,一个迷妹,木上宁减减肥吧
一只死宅熊,22538694,,锦州大双八
灬卡尔曼赫特,20632159,,下回来黑龙江吧
葱油鱼饼饼,334159,xgnb (dota除外,大佬饿了，找了家店，然后两位白痴开始吃饭
奋斗的小中药师,540541,惨啊，我的执业中药师！,炸串是便宜，但牙疼，吃多了是真咸还牙疼
心碎小狗哦,18003467,,沐上男神憋吃了！！！！[大哭][大哭][大哭][大哭]
小二锤,95882131,,你们夫妻两啥时候结婚啊！
芥末短毛猫,22946629,我爱中国,最后那是什么声音啊
intaglio,12176421,,母上，你别吃了，急
ffufd风雨,49594830,,人人都笑舔狗，但是人人都是舔狗
阿吉妈妈,54696228,,都显胖了
喵贪贪,239917534,受疫情影响，公司几个月持续零申报...咕了，暂时再见了 bilibili,花花与三猫:我们已经报警了，上次小帅翔吃了我们的猪皮，今天你们吃年糕[doge]下次...
喵贪贪,239917534,受疫情影响，公司几个月持续零申报...咕了，暂时再见了 bilibili,现在光吃饭已经满足不了盗月社了，开始吃店了[微笑]
大爷吃糖吗,47256353,严肃 活泼,最后沐上说的啥
兔肥肥丶,333743797,,五中豆皮，八中土豆豆皮
葭月十肆,3295432,,真香
励志成为赵大神_,18124187,啦啦啦啦啦,父爱无声
三刀天下第一,19008990,,"本土锦州人  告诉你 好吃的炸串要去中小学门口
真的是好吃还便宜[无语]"
停雪-,38282792,不是知道的少而是坚守的多。,昨天路过曾经小学校门[doge]发现炸串居然还在[点赞]还是当初不变的价格[点赞][点赞][点赞]五毛一串[doge]
Rayses,10054680,要想人前显贵，就得背后受罪,好饿啊啊啊啊啊
深井斌先生,13542069,,锦州还有八中鸡架土豆豆皮，旁边就有最好吃的铁板烧串店
咱就是超能力者,160384844,这个人勤快死了 就是什么都不愿意写,来襄阳吃牛肉面啊 再配碗黄酒 到早餐晚餐夜宵都贼舒服 我感觉沐上可以吃两碗
清伊雨诺,43740291,噔噔,万物皆可炸
工藤崎葵,12335921,寄给十一月五日,最后那个男孩子长的好像粉红女郎里的阿呆
赤鸽鸽,7008967,,炸串我一般只吃杭州街和上海路交叉路口那家，好几年没回家了，好想家
忘小寒boy,206903607,小樱爱打伞,父爱如山是什么意思呀?
rebecca_zzy,96605186,,去武汉吃小龙虾
糯小七,24286310,,饿了
逃跑吧兄弟,320606117,,炸串不是垃圾食品吗。。不过看着吃的好爽啊。。
Manta45,366687276,,毫无胜蒜[嫌弃]
昏昏之锤,22441777,,刚刚刷了人生一串还好，看了两位彻底饿了。减肥之敌
Haleyhello,328565589,,从没一顿吃这么多油炸的
小小龙森,252967581,认真生活,"av11255457 
似乎沐上的帅照出处"
小小龙森,252967581,认真生活,AV11255457
蹦蹦pp,432198467,记录生活～,丹东美食也去尝尝~哈哈哈
小小龙森,252967581,认真生活,"AV11255457 
带我上去 沐上帅照出处了吧[画风突变]"
丑时三刻溺水鬼,8220392,万物皆可，不听许嵩,要不来信阳试试？毛尖，石凉粉，热干面、炖菜、大肠汤、旱鹅块、面炕鸡、筒鲜鱼等等。
肉肉lomo,37741524,我不长情,母上请你瘦回去吧(:з」∠)_
胖梦萌,380324786,,沐上大哥发生了什么？都是吃的惹的祸
文艺少女ing,39309464,时间一直走，没有尽头，只有路口,才一百块好漂亮
吧唧一口点心没有了,21372365,一个交流困难的:-*,啥时候来西北[微笑]
游手好闲真君想努力,10934585,建罗马ing...,贼啦香[画风突变]
静沫轻钰,11013000,hh,开学了回锦州吃！呜呜呜，看着好好吃
科学种太阳919,56386832,,羡慕不上火的人
丨日日支配者,65605909,emmmm......,成都来来来啊，
G橙宝宝,12945292,,哇，沐上好帅
BitBruch,266109071,钻头才是男人的浪漫！,没有人可以抵抗油炸食物，除了我爷爷[画风突变]
来点空气炸锅,37374918,莎宝 只希望宝贝开心,"好想去东北其实，我觉得东北的大学真不错，其实挺向明年努力
最期待他们的美食，大份啊，我四川的"
小达_HY,16362196,“他是我见过最有少年气的人，是那种看春风不喜，看夏蝉不烦，看秋风不悲，看冬雪不叹，看满身富贵懒察觉的少年。”,我靠 沐上瘦的时候这么好看啊啊啊啊
草莓舒芙蕾呦,385097667,陪伴是最长情的告白,记得买点玉米回去，又甜又粘又香
月光下的野狗,1660177,没错！我就是那个凶手。,二位都……瘦了，不亏是主播[微笑]
木坑一萝卜,10067410,,沐上瘦的时候好像印小天啊
饿死的魔王,34110793,????,wc我是锦州人
兔几与花花,1477154,今夜我不关心人类，我只想你。,摄影大哥的低音炮好苏啊！
尝世之暗,22039130,,沐上最后说的啥 求解答
本大道寺知世实名上网,49112894,,锦州人看到有点开心
莫醒醒sun,50437013,,怎么炸大枣，savi会伤心的
swest-ppopy,228761542,,沐上怎么越来越[呆]
UKBicep,82548639,英国伦敦/贝尔法斯特音乐组合Bicep(肱二头肌),胖死你
是你的黑色幽默,344602353,是个美女,天呐啊啊啊啊啊这件粉色我今天刚买？！！！！什么缘分！！！
bilibalatamama,357530607,,沐上的岁月根本是发酵粉吖
千川奈,11403240,如果不是来得莫名其妙，怎么能算是怦然心动。,哈哈哈哈哈父爱无声太骚了
迷恋上的星星,11089440,relax,沐上考虑一下健身啊哈哈哈哈哈哈，恢复曾经的样子
张端端的肉粽子,294128681,嘻嘻,父爱无声。哈哈哈
茶亭_小二,38387694,啥都不懂，萌新瑟瑟发抖,吃饱了
新喜消旧愁,1113378,做个大傻狗&rarr;_&rarr;,合着岁月真是养猪场啊
木木哒喵,381287885,希望能长久陪伴,曾经的沐上～～～～～
个性的地球居民,22211309,著名b站号所持有人,封面树梢像小燕子
竖条纹的肉肉,59491019,乌有先生子虚子,哇盗月社什么是狗可以来山东呀
Kirito丶YBY,49973788,,最后说的是啥 啊啊啊啊啊啊啊啊啊啊啊啊啊啊啊啊啊
keep_it_up,256802252,,一直想问，up主是夫妻俩吗？
冶若邪,27982257,这个世界上并没有所谓的感同身受，你不是我，请不要贸然评价我！,冒泡
哈士奇保护邪会会长,38021462,杀人放火受招安,所谓夫妻相
霖ZeroCola,8585791,嘻嘻嘻,空降1分20秒[画风突变]
Neveah_,392952509,,炸红薯片特好吃
少年桐啊,305105811,某某城里王先森的香料铺,有没有人好奇杨树梢姐姐的身高
Left宇,306151256,,父爱无声可还行！
是PIGGY不是电吹风,39761837,不辜负梦，不辜负爱,忘记说地址啦！
维多利亚还就范德彪,20315309,嗨害嗨，来了嗷！,第一万个硬币
EMT实在太可爱了,24843088,,为啥不吃辣的
小赵可温柔了,108892782,这样啊,炸素肉也很好吃的！
没有眉毛的猪,13671948,这个人很无聊，所以啥都没写_(:з」∠)_,我在公交车上看这个炸串，晃晃悠悠的，好害怕那个签子掇到我哈哈哈哈哈哈哈哈哈哈哈哈
米奇的朋友,28539458,,可以去吃锦州蒸饺，因为很多地方都是水饺，但是对于锦州人，我们觉得蒸饺更好吃
我就是大脸-,265700924,第一口蛋糕的滋味,木上真的帅啊！
凡凡不是烦烦zzz,14455577,,万物皆可炸
杨丰智,9050678,米若晨风智团队,万物皆可炸
蜜水柠檬,382991325,,那个曾经的母上也太帅了吧………
大大的酱油,2747282,,这么多东西 我吃一半估计得饱了。我还是个死胖子。。。。。。
追星星的小学生,386258440,,忍不住咽口水
闲来无事爱叨叨,86196762,,母上结尾说的啥啊？
路程666,382712847,青岛海边,戏真多卧槽
咩咩咩哒,7715333,,去辽宁怎么能不吃麻辣拌呢！[画风突变]
宋你一段历险记,26379828,,真的没有人能抵抗油炸食品，我吃坏了肚子犯恶心，吃炸薯条炸鸡块竟然不恶心[画风突变]
水逆小楠,349970211,,所以那个低音炮到底是谁？
罗夏V韦恩,70735733,就这样吧,以后谁遇到盗月社就偷拍大佬
Carrotball,183320062,,青岛嫩牛五方
陆陆杏仁陆,17009007,在？来瓶八宝粥,不是很清楚锦州本地小吃但是，锦州市沟帮子的沟帮子熏鸡必须拥有姓名！从锦州开车的话到沟帮子便道应该要一个多小时。强烈推荐树梢你们去吃啊啊啊！
熊弥弥,26605858,,瘦的时候也太帅了啊啊啊啊啊
HaHa---,108871950,,看的我好想吃锦州冷面和烧烤！
快乐小张张张,372812482,每天都是元气满满的一天鸭,来锦州怎么能不吃烧烤呢，小国凤爪走起
侃侃kank,234303889,,感觉确实胖了 我也胖了 潍坊也有好吃的炸串 下班去吃
kenzie啦啦啦,21617513,,最喜欢的UP主
白玉大美人啦,31619627,偶最美，偶有内涵，偶是大美人！,大凌河夜市小海鲜走上，烀饼，虾仁馅饼啊，各种小烤串啊[大哭]诶呀妈呀～馋哭了！
白玉大美人啦,31619627,偶最美，偶有内涵，偶是大美人！,辽工东门大雷排骨串，涮串，炸串，诶呀妈呀～大学四年长了20斤[惊喜]
酷酷的羊羊兮,20149290,我个性 我签名,沐上这属于工伤阿
小林园,173614044,即便再困难，也不要轻易的输掉。,沐上，现在的你，我觉得我们俩可能是异父异母的亲兄弟，长的和你一样帅。
小酸奶哇咔咔,34237921,Jay,有没有青岛一起去的？
emssdeptDoc,140900775,,每个视频都是三连常规操作
孟汤团,178680134,,这是锦州哪啊[生病]我这个锦州人的不知道地址
byq1213,20483881,"四体不勤，五谷不分
文不能作词，武不能防身","莫名其妙的被当了儿子,取关[doge]"
是gy噢,22971842,,麦当劳金桶那一期沐上身份证上面的照片超帅
开叮叮车的仓鼠康,218884102,有趣的灵魂终将相遇――Sky康康（健健康康的康康）,我的脸不允许我吃这些…生活没有了乐趣，吃糠咽菜
勒马听风丨,431542273,俺就是个玩泥的,我留言你们也不回复啊
外星人攻打地球丶,6519635,,啊，首页出现了盗月社，前女友最爱的up
今天摔了一大跤,179527994,一个沉迷学习日渐变秃的少女,来石家庄火社吧
珍珠圆子酱,44536936,杂食动物 遍地墙头,太帅了吧以前
浪子名炎,76173094,我怎么那么吊!,我怎么感觉你们两个胖了!
DMCC-B站,161392214,,最后说的是啥？？？？啥声？？？
反正是小号名字不重要,11942321,中磕院不知名磕学家,沐上真的胖了好多哦（小声bb
刈就是夭莩根啊,38256840,"纯彩虹，
半出柜，
天蝎座，
法学生，
在法学路上走的像条泥狗。",他俩是情侣吗？我是新粉。
Rannuan,31102804,神说，要有光。,求地址
吃得特别好,8440946,听着House吃着肉，随手一抽出5星 ――>人生最美好的白日梦,炸皮蛋啊啊啊啊啊啊啊啊啊啊啊！！！人生最爱啊，可惜北京没的卖[灵魂出窍]
蓝瓶的盖好喝的盖,56393041,咸鱼岂有翻身之理。,辽工大路过[2233娘_大笑]
天天皇上,97360331,,面对面总要虚伪一些，又不是隔着屏幕。“你看起来好瘦啊”
米格宝宝,110636907,我愿化身石桥，受那五百年风吹，五百年日晒，五百年雨淋，只求她从桥上经过。,才发现，我们市场有一家东北炸串，我还吃过。
无意且晚香,53849839,,锦州最近新弄了一个海滨乐园，就在笔架山景区，强烈推荐！环境很好
玉棺礼葬人,200524327,嘤嘤嘤,嘤嘤嘤
EchoMonroe,28454815,,锦州烧烤吃了吗
一颗苹果的疯狂世界,377975017,,树梢和沐上的饭量深不可测[滑稽]
从今天开始清收藏,33035593,烈日的黄金乡,锦州真的烧烤店多到爆炸
拒绝热巴三次_,169634198,,今天的摄像是阿福？听着声音好像哦
秋水与长天共一色,9574427,    ,沐上真的走远了[2233娘_大笑]体型一去不复返
蓁子家柴犬犬舍,22987981,"蓁子家柴犬主理人:蓁子
想了解柴犬欢迎+15019511331
专业单一繁殖柴犬",我倒回去看了4次曾经的母上……震惊！！！
我就不改名,4923160,,锦州的千张我的最爱
水川期子,12453553,,汕头乌记鲜活牛肉城，汕头本地人强烈推荐！！
余由之6666,347970472,,冲母上曾经的颜值，投了投币[点赞][点赞][点赞]
歌里掺了酒,7029861,虽然我想做的事有很多，不过可以的话，我想玩耍一辈子,父爱无声
陆战队狙击手,39044643,"所有视频最后一句均为出处 伸手党们请自重 谢谢 
欢迎大家一起讨论技术 谢谢
白帝圣剑御剑跟着我",炸山楂糕什么鬼
凌飞每天要更好一点,13427713,最近在考研没时间做内容，所以发发猫子提提热度，考完之后开始做整活区up。,南京的胡大酸菜鱼
黑白药,22765582,定个小目标，周更半年,啊啊啊，来东北了，啥时候来哈尔滨啊
猴子酱。,28819825,,想看母上减肥
离素爱H觅,208145269,,曾经的沐上那么帅？
你这个小碧斋治,1976282,,我真的太爱看这个系列惹！！拍的真的好好！不过郑州就这么结束了吗？还想说能多拍几期呢
氵相拥彡,1305403,,锦州笔架山好啊
桔籽小怪,192238130,,父爱无声是什么梗？
不愿透漏姓名的王老晗,29414638,,二奎盒饭没吃？
不安静不美男子,8294536,=。=,母上 我爱你
清和妖符,182916042,想做一个内心温柔有力量的人。,！！！看起来好好吃！！
改减肥了,129214880,,求那张沐上无水印照片
红糖姜撞奶,362863848,,你们上推荐的滚动封面了，真棒
阿诺破甲不破凿夫斯基,299361431,,葫芦岛宁远老城城门口，有一家老豆腐极好吃，还有高粱米饭
多吃桃儿身体好,70404357,云游至B站，有点儿不想走了～,呵呵呵呵呵呵[大笑]
牡丹仙境六爷,17709654,***,我老家炸串都是刷咖喱粉的
ekodingdong,14377883,Just dance,我看看我的勋章
魅力秀发惹人羡,83160779,来啊，快活啊～,去大连可以吃樱桃（车厘子），但是当地美食不多物价不低，但是樱桃是真便宜，就是快过季了
听说改名成欧皇,269925662,,沐上喜欢喝奶茶吗[滑稽][doge]
时间之序,6859389,答题答得我心赛。,什么时候去广州来吃烤乳鸽鸭
BoomShaKahh,345564709,弓马啸西风,[微笑]更新了
太子河六哥,33210596,You’re the sum of all your training.,本溪羊汤
吴邪心上的一捧长白雪,237698181,喵啾啾,哈哈哈哈哈哈哈哈镜头真的会显胖，特别是拍视频
阿育Even,18955536,mimi malihong～,天呐，年轻的沐上简直了……
瑟瑟发阿,248283067,,七台河龟锅好吃，已馋死
牛嚷嚷,2373278,,哈哈！胖算不算工伤！
三好市民吉良吉影,23222676,应如是,你说的这个沐上，他胖吗？[doge]
香妃春意浓,830972,,炸一切？来人呐，先把摄像炸了做下测试，两位主播洗净裹面糊待炸[微笑]
从中二病到五月病,4219254,我很神秘,08:16沐上说啥了？虽然含混不清但是？诶？我想多了吗？
春日明枝,269407339,盛夏白瓷梅子汤 碎冰碰瓷叮当响,一人血书来长沙吃炸串[2233娘_大笑]
KOROSENSEI_,13932464,想吃卫宫士郎做的饭,沐上你赶紧减肥吧。帅哥已经变成大叔了哈哈哈哈哈
q兔,88082115,,怎么觉得美女的眼神有时候像小燕子
江之u鹑泻,204790888,,一人血书求母上减肥！！！！
Lunastar-,50958348,,穿山甲说了什么
糖醋小肉,16253901,,啊哈哈哈哈哈哈调猪离圈那个要笑死我么哈哈哈哈哈哈哈
tartcherry,244346574,,这个世界有两种人，喜欢油炸食品的，和假装不喜欢的[滑稽]
孙勖,3986502,白水鉴心 清澈如溪,炸串确实好吃
KayICoo,14527216,,长沙苏记油爆虾！！！！！快来！！！！
虎皮西瓜,258387,,两位吃得也太香了，看着很舒服
陈鑫他爹,399826681,,靖江蟹黄汤包！
四月先森,20344745,,沐上的今昔对比让我不敢再放纵
一番好きかとうめぐみ,15672240,"加藤惠
CV 安野希世乃
登场作品 《路人女主的养成方法》
生日 9月23日
三围（不告诉你们(￣へ￣)）
学校 私立丰之崎学校
]字数了。",锦州虽云乐，不如早还乡啊(￣3￣)
逆袭不存在,359998343,,沐上！！你快变回去！
请叫我美杉,342641504,我是美杉，正在成长中，欢迎来找我玩......,母上大人太帅了。。曾经小鲜肉，现在肉叔叔，我们杨姐，好瘦啊 好美啊  好高啊。。。
^ξ氯,34077868,"愿新年,胜旧年",片尾说的啥……
方乾语,21855180,努力告别抑郁症，要为中国现代化出力,神甜美父爱无声
liulianxiangjiao,75949849,,虽然岁月是把杀猪刀，但是沐上毕业也没几年r(￣￣)q
泉与乌斯,25416055,营销号能不能gun出我的世界，你cp糊了是吗,论母上经历了什么。。
丑大嘴美小欣,295544935,记录我和我家美欣的日常~,美美哒
碎月间,20472290,无岁月可回首,[喜欢][喜欢][喜欢]来了来了
辣椒真不辣6,255957382,,来锦州啦我的妈
受做饭的芋头SM,241696790,本人现已加入模仿天团？？？,他能说啥？？？只能说好看了呗哈哈哈
鹿过一下,16848461,太懒了什么都不想写,啊啊啊啊啊啊啊啊，锦州夜市一定要逛！！
MVPAllenlverson,23047199,wdnmd,"前两年 我看树梢 呀美女
现在      这大脸盘子是谁"
樱花雪香,20666964,,饿了
悠悠小,22666540,哈哈，来看剧啦！,曾经的木上那张照片是真的吗，这么帅的吗[滑稽]
林妹妹的小手帕鹅,22574343,花谢花飞花满天，红消香断有谁怜。,万物皆可油炸[滑稽][滑稽]
小栗睡不着,250568177,????????????????????????????????????,济南烧烤冲啊！！
_慕斯,46435636,"不定期更新 喜欢的一些乱七八糟的东西
（不喜欢绕道 本人比较暴躁）",哎呦……来晚了
旺旺大雪皮,375546063,曼谷的夏天永不停歇，我爱的少年永远热恋。,以前的沐上哈哈哈好帅
南京扛把子的媳妇,98758275,,亲眼见证了沐上越来越胖和树梢越来越美[滑稽]
三月兔Elliot,1446436,看什么看？有书读吗？有工作吗？买得起房了吗？没有你还不努力去？闲的跑来sj我………,看饿了……但是我们这里没有的卖qaq
吉美酱,4676169,,自贡来啊！兔兔，牛蛙在等你！
Nekokun404,15992292,这个人很懒，导致客服帮他修改了签名......,齐齐哈尔BBQ来了解一下吗[小电视_笑]
夔姜,2399405,丧心病狂就是爽,大早上的有点饿[捂脸]
爱玩实验室,120981206,,树梢你好瘦？请看看盗月社初期的杨女士[阴险]
时间桑,135422,无故事的人,时间是把杀猪刀啊啊啊啊啊啊
Chodwer,49560321,无敌最俊朗,还在锦州吗？来吉林啊，长春的烤猪蹄，梅河口的锅包肉，伊通的烧鸽子，这几样算吉林的精华了
倒斗一哥家的老天真,8426653,这个人很懒的，什么都没有写┐（─__─）┌,感觉沐上现在更好看一点，以前有点油腻，现在一看就实诚
狼修罗,25509870,,你俩结婚吧！
喵白菇,4649721,这个人懒死了，啥都不愿意写可咋整,啊哈！看我发现了什么！
鬼影决,17306897,,666，啥时候来趟齐齐哈尔啊，齐齐哈尔特色没别的就是烧烤，尤其夏天遍地都是。
盗月社小麻瓜,296345390,不一起看星星，星星它亮有什么用。,树梢太可爱了
X时光X,8863398,只愿平生安稳 乐在其中,我大锦州最棒炸串竟然被发现了！！！藏不住了！！超级好吃 时间长不吃就想 上头！！！
品神的女朋友,36302320,"
梦想是做一个不自卑的女生",你们来武汉一起过早啊！！！
数学不倒咩,104670731,专业老师不是专职UP主，开学太忙了，所以最近应该不会更新了，感谢大家的支持！,就冲这个父爱无声，关注了！
老实天策,18240716,别！关注！我！！！,天哪噜！！我震惊了沐上以前这么帅吗，果然一胖毁所有哈哈哈
chaikou,8523548,世事如棋，乾坤莫测，笑尽英雄啊!,看完就饿的美食节目
流雨江南,12795107,静下心来，生活是自己的，想做的时候就去做吧。,行了，兄弟们健身房见
洛宁想喝橙汁_,13806428,欢迎光临我的海域,！沐上好帅！
疯子牌可乐,256175908,混乱人，什么都吃，什么都玩，什么都看……,忽然高产？
p字你不认识,12456656,,这是在锦州凌河区石桥子附近么
对牛弹古琴,9367158,,看过木上身份证的就知道 他以前是有多帅
偷猫摸鱼,228059305,随它吧,曾经的沐上？？？？不敢置信，求老粉打醒
丨禁咒使の咏唱丨,9453716,这个人真的很懒，啥都没留下,"就在我家附近呀，总吃呀
话说你们还在锦州吗？
我要找你们去呀～"
少北的北,26212543,,父爱无声还行
炎诺_,265865543,,还有谁？那么骚，那么作死地在半夜看了这个视频？
Zekd,295350381,且将新火试新茶,刚才看这个视频，我妈凑过来一眼，说:“这姑娘这俊阿。”我说，视频里这姑娘？我妈说阿德，多俊阿。果然树梢儿的颜值可以俘获所有年龄段阿。（￣￣）
宇宙战队九连者拉奇,306159135,,推荐麻辣拌
雨诺あ,50821236,到底要吃多少辣条才可以变成辣妹,1：21 岁月是把杀猪刀
吃一天睡两天,3491137,,哈哈哈哈 当年还很激动留言想表达沐上好帅还把人认错了。。。噗。。。
搞事的1茶茶,386850759,,好俊俏的姑娘啊
酸奶吐司w,28185709,生活总要有光,没人能抵抗油炸食物 如果抛开热量
Khadijah_CAT,13104482,Crash Course原创翻译，美妆视频搬运工 微博：@Khadijah_CAT 感谢关注,径直飞往西宁
酸奶吐司w,28185709,生活总要有光,下饭滴滴卡 杂粮粥配盗月社
小凉呀_,13471637,,[微笑]考古一下青岛炸串 AV31645824
loserrrr-r,401724588,Insta：loserrrr.r,去海边来威海呀！！！
坑妈,9213611,点进来就不要出去了,炸腊肠好吃
半泊_,18394655,"看清一些事，再看轻一些事
",我为啥要在晚上看这个…[小电视_发愁]
呆头呆脑的大山,95353424,,锦州哇 可以去偶遇了[滑稽][滑稽][滑稽]
翼迅,21901216,但行好事  ，莫问前程。,盗月社的视频我都吹爆，无脑投币～
日暮乡关123,379636455,,去西安可以去秦镇拍一下凉皮
FFFFlix,7551280,大大大家好，我是osu的那xx,去吃锦州的烀饼呀[微笑][微笑][微笑]
枝江嘉心糖果有限公司,11369737,"虚拟世界everybody皮套都比真人漂亮
everybody都能出名
却是没有重量非常容易碎的花瓶",父爱无声hhhh
佐敦丶库勒,408683458,,有没有像我一样的，吃点啥都喜欢跟牙较劲的，前几天吃排骨非得吃脆骨牙掉半拉，今天好是要嚼脆骨，跟强迫症似的不嚼难受
田中姬,10691049,,看的我想开烧烤或者油炸店了………
真正的绅士JJ,2837853,我是不是好久没有秋了,居然更新来
账号已注销,1282826,,东北天妇罗
爱泼的小笼包,87819218,,不行，晚上不能看
凤舞九天苏大人,350055699,,父爱无声可还行
紫金梦,139205862,,父爱无声可还行
椰椰苏打气泡水,635132,@  3 A,[小电视_笑]黄石的炸土豆片～炸串也超棒～会加很香很粘稠的酱汁～～～还有卤蛙蛙也好次～呜呜呜～希望来打卡
我在女厕自拍,37111823,,求一下青岛那期是哪个
一只大大大大大蚊子,100837243,不知道要写什么，总不能空着吧！,哇，我在辽工哎
水原琉衣RUI,10830717,日本个人势虚拟艺术家，赛博隐士，云变形金刚，云特摄，喜欢悠悠球。,油炸冰溜子
Frozen-17,261269538,这个人很懒不想说话,来烟台我安排 就怕你们吃的不想走
礼桑,4594936,机智总攻,最后结尾说的青岛那个是啥？在哪期
疯子-chim,908642,,辽工大不在？
唯有本心,52908549,,一不小心看到以前的沐上了，我想说，沐上啊，你这样算不算贬值了哦！！！请问下，你是怎么抛弃了那样帅的自己的[捂脸][捂脸][捂脸]
昵称涉嫌违反运营规则,52952053,,工大门口的老四排骨串不知道还有没有了
大王的毛毛虫,10059734,浮生长恨欢愉少，肯爱千金轻一笑。,惊了！沐上工伤成这样！
啊唯喂喂喂喂,24545227,我需要减肥了,营口皮皮虾
漆柚柚柚,570735,进化中 网易云音乐/微博：@漆柚 所属三星堆/鸾凤鸣 交流群指路B站应援团~ ,最后只记得父爱无声
吾子曰,27490570,希望我喜欢的up主早日找到男朋友^^,看看现在的母上，岁月饶过了谁
野原葵花点穴手,2156100,风在期待出发,哼 吃肉的时候不抢着当宝宝啦！
聪聪聪哥哥的歌,239402635,,你俩是不是胖了
hentai污妖神,54001072,boy  next  door,我刚刚在朋友生日宴里面吃回来，都是串，想吃什么串自己点，点完就烤，哇，安逸啊，都是烧烤[抠鼻]
耶绿香菜,349136244,扶风为折柳,好久不见
QQ牛奶器,20813391,Only For Jackson,啥时候来云南啊  好吃的贼多！！！
饮酒男子,132110324,,穿西装的小哥 热不热？？？？？？？？？？
KN____________,362530299,不紧绷 拒绝按部就班  no no踹不累,来了来了哈哈哈
菠嘞萝,73308088,好好学习，好好做人。,最后的父爱无声，反应了半天
越南拳皇,316990924,是否该拿出被讨厌的勇气,我干嘛半夜看这个找罪受[呆]
我就是要乱来铪,46687305,,好久之前
Orange汁汁,44280153,,来啦
九九三十九,38341387,,心疼摄影小哥小姐姐
我叫糖小胖,15532904,18线抒情男歌手,我前年刚开始关注就是因为母上挺帅，最后低音炮太温柔，然后现在我还自我催眠母上胖了也挺帅的，但是直到今天。。。罢了罢了，就这样平平淡淡吧
拉萨的史蒂夫,444213094,,嘎吱吱！嘎吱吱！倍儿香
一个z符号,37452576,,这个金针菇明天应该见不到了[呆]
访子访子访子,349206315,,父爱无声
狐狸鲸foxx,324239237,Wubalubadubdub,大佬是谁呀
Xyososti,8837541,有飞鸟在背上停,锦州上海路有一家杭州街炸串 解放路小学旁边有一家土豆豆皮 炒鸡推荐！
文体两开花え,8709445,摘星星,树梢来大连啊，我给你送大蒜去！[画风突变]
切尔西卡贴机,82419974,,有没有锦州yin呐
西门吹牛O,51824934,,下一站来沈阳吗？
芯无杂念,5277508,,父爱无声什么梗
襄阳东东蔡,31469581,,套袋子的商家，不支持
海明威的追随者,237571268,,那张照片真的假的？太帅了吧！
风姿丶秀逸,158622014,临渊羡鱼，不如退而结网,最后一句是啥呀反复听了好几遍没听清[doge]
bilibili172033839,4243754,,我想娶了这个粉衣服的胖子
澈烯SAMA,8132786,"闪窝女孩十二年！仙四女孩十四年！华丽女孩十三年！
最喜欢的组合SHINee！最喜欢的动漫华丽的挑战！最喜欢的游戏仙剑奇侠传四",沐上减肥！！[喜欢][喜欢][呆]
小刚561,26024328,口袋妖怪 英雄联盟 后宫番 手办收藏,现在大佬这个词也臭了～
米饭贼香,19993117,,尼玛的二奎不好吃吗？？？！！！[画风突变]
奇妙のKIKO,382747354,啥都不会的KIKO==,连续两次刷到！
无节操の疯狂君,2166757,官方不认证:非著名段子手兼职野生字幕菌,留言你们也不看啊[doge]
甜柚子酱哎,241167578,万物可爱！,年轻的母上帅炸了，但好像渣男拍照的姿势啊，不要打我啊
CL_21,30397142,虽然有时候会很暴躁，但还是希望内心是温柔的。,我可能是个假的广东人，总爱吃这些辣的烤的炸的）：
青晨晴,192914466,视觉传达,女的脸小脸瘦，身上挺胖的
L-小小敏,40961780,,AV11255457同一个母上[抠鼻][抠鼻]
老坛饿了,397314072,舒服了,你们传视频这么晚，害我又想吃宵夜了
是啊呱啦,285296749,,妈耶～沐上以前好帅
万鹿卷星河,11079876,,过几天要去宁波玩了，求评论里的小伙伴推荐一下宁波的美食[惊喜]
放射性药渣,8804368,,炸串是这几天口味最清淡的？？？那平时口得多重[捂脸]
我的cp天下最甜,38634304,,神他妈父爱无声笑死我了哈哈哈哈哈哈哈哈哈哈哈哈
S0raka,97214313,,强烈建议再更一期蠢货新闻。不为别的 我真的想看看每天睡12小时的梦里人，再瘦下来的样子！
WuenLeo,34469843,,建议来长春啊爸爸
假装别人看不到的摩羯,14289932,,四个小时前emmmm
我会解三行四列行列式,36094409,,催婚
假装别人看不到的摩羯,14289932,,一分二十秒那个男的是谁啊？
天天ale,7604769,,为什么这些up主都一起更新啊，我饿死了
呆毛一根可爱十分,13670525,“后知后觉我该好好生活。”,朝鲜冷面杀手[画风突变]
蓝色军团,11172880,Autumn breeze,啊啊啊好棒！！！眼镜小哥也可以
有取这名字的不,39044141,,说了多少次，晚上发的一律不看，特别是在减肥的晚上。真香
车呀车呀车车呀,23484507,愿你遇良人，予你欢喜城，长歌暖浮生。,三连了！你懂我意思吗！
kumaの桑,50342262,,求求你们来吃徐州的地锅鸡 吧，真的超好吃
黑星永升,22693665,做一个好人并不会损失什么。,好好的棒小伙子怎么就长岔劈了呢？[滑稽]
薄荷凉今夏,22679913,,好想尝尝刷果酱的炸串呀[喜欢]
烤鱼观察日记,8065572,烤鱼子的录播组！！！！！！！！！！！！！,所以不是大佬饿了吗
正义牛牛,397773120,,不是说大哥饿了吗？咋你俩吃这么欢
xx22hehe,14212412,冲冲冲,大晚上给我推这个？[捂脸]
GesnpenstMKIII,2229710,,嘎吱吱嘎吱吱倍儿香[滑稽]
妙龄少女郭德纲,7263162,妙龄少女郭德纲，娇小玲珑岳云鹏,啊？最后听见什么声音？我没听清
北瓜kune,9093220,なのです～,？？？沐上最后说了个什么？我怎么听不清楚……[呆]
阿结_,42883361,1,0:23 点开视频 好饿[灵魂出窍]
小杨小杨yangyang,381478372,,推荐锦州的  小时候的味道  炸鸡柳[微笑][微笑]超棒
暴君熊ICE,23853004,包装好看的饮料和人都更容易被推销出去。,1:20 不禁令人感叹，岁月真是一把猪饲料
永吠kx,11029637,,俩月没看 沐上胖这么多？？？？！！
旧故里都,394292287,,你俩天天吃，拍摄的有没有吃
重中之重啧啧啧,72501804,,我想看他们遇到那个有七栋房子的  鸭老板，好人请一个链接。
不说话的梨子,3628116,,谁能想到沐上曾经这么帅？不说了，我要去翻他们以前的视频了
我信你的鬼喽,32074404,,难怪沐上长胖
cuiying,11885133,杂区超级小透明up主,啊啊啊啊啊啊还是来晚了[呆]
B站至尊宝,372466330,,树梢好膀
bunnycat226,28302941,懒宅猫奴,看完沐上曾经的美照坚定了我减肥的意志！人真的不能胖啊！一胖遮百美！勿以肉少而不锻炼，以后减肥就来不及了啊！！！
冰钩钩果汁,37475553,我焯，原！,好的！我知道了！大佬原来有五百多斤！[大笑]
为人一世澄澈长安,129385648,    为人澄澈，一世长安。,我去！[奸笑][大笑]
稀罕婷妹你就说,17359662,你的过去无需过问，你的未来不便参与！,来锦州啦，那就顺便来趟葫芦岛呗！火车11块，大巴车16块！come on～
影子兵少校,17706341,,大晚上的看这个真的是罪过
不熬夜真的会死星人,53091260,,沐上原来这么帅啊[点赞][点赞][点赞]
奶S包Doris,32971754,希望每天都能开心,本南方人太羡慕太想要北方的炸串了！好实在好便宜啊！！
凯凯要飞起来,23760472,蛤蛤蛤,以前的沐上和现在的沐上，唉 岁月是把猪饲料[呆]
千层雪_,359271685,"videostar
收徒20
Q：3387258740",有人跟我说阿福怎么了吗？？？？
大王叫我来巡山呀-,30159996,"我想谈恋爱啊！！！
",越看越饿
易烊千玺wez,328499435,"天下人都知道南光太郎却不知秋月信彦


平成就是垃圾",求树捎姐回我信息一下关注这么长时间越看树捎姐姐越美
常木容大师哥,2981345,,父爱无声 学到了
君如卿_,102540672,,真真是一胖毁所有 原来沐上（曾经）这么帅
我是黑虎阿符A,285433497,做一个不要让别人失望的人,这些美食up的丑恶嘴脸[大哭][大哭][大哭][大哭]
千层雪_,359271685,"videostar
收徒20
Q：3387258740",有人跟我说阿福怎么了吗？？？
ProtossJc,27521404,,我们通辽的北大抻面也不错哦，欢迎来品尝
记忆yu,37222295,蓝天白云，微风拂面,父爱无声xswl
一天能睡26小时,1579295,爱意随风起，风止意难平,我因为减肥，要控制饮食，大概算了下从减肥开始至今2年时间只吃了5次以内的炸串[无语]
韭菜鲅鱼,14910315,再见了 妈妈，今晚我就要远航,腹爱五升
火力少年雷,4145733,,本锦州人推荐，锦州炸串一定要吃炸大头菜。还有锦州特色豆角烀饼，石桥子早市的鸡蛋灌饼。顶我上去
西门小郎君,22116183,这家伙很懒！,最后说了啥
Dan_Bao,109123887,,现在是00:03我为什么要点开这个视频，饿死了，我要出去恰宵夜了
帝羽独舞,299375229,从你出生的那一刻，端什么碗，吃什么饭，经历什么事，什么时候和谁结婚都是定数，别太为难自己，你选择了如今这个剧本，是因为你觉得你这一生有所期待,有一个问题想问老久了，摄像看着你们他吃啥[吃瓜][吃瓜][吃瓜]
嗑瓜子的仙女,36874348,近期更新天刀，随缘关注～,啊啊啊大佬的声音让我死了一次又一次
刘振轩lzx,203568138,,放那个照片的时候没反应过来，不知道放别人照片干什么，最后反应过来了，瞠目结舌
ピッコロ大魔王,23227402,无论走到哪里都要堂堂正正的,父爱无声
father2,28772648,,感谢盗月社让我这个凌河区的锦州人知道了有家古塔区好吃的炸串店，其实有家铁板烧特别好吃，是个老店，但特别难找，平时根本看不见店的牌子，在中央大街那边的小胡同里。。。不知道有没有同锦州的知道那家店[滑稽]
21世纪y民小周,2256162,星际牛仔宇宙第一！,1111
勇闯雪花,32289436,,锦州重工业很发达
南天参,20236849,啧啧啧,白衣小哥哥我可以！！！！！
橙风doji,39573437,,你们这就不对了，拐了个小哥来拍照[滑稽]
kanaami,165851356,没个性,我大晚上的为什么要受这样的苦[委屈]
屯屯舒,159260196,今天也是爱学习的一天！,吹爆炸年糕[惊喜][惊喜]
阿布鲁白,322257382,,母上树梢现在还在锦州嘛！！！
罗家家家家家家,10932914,,那个啥那个啥，大润发旁边的那个韩式餐厅贼好吃
九天-_-寒冰,26253473,专业白嫖，下次一定！,"听，海哭的声音~
听？？父爱无声…"
战天使丶,3120992,,来吧！新疆的烤骆驼！！
苏珀岿,24496517,,锦州不是山城吗，怎么会有海[doge]
楼下五只喵,30934753,什么都不想做,我来给实蛋站街了![doge]
n海の王子,2811972,,来大连吧！
__刘已然,535585,,记得去康家烧烤！
火星会不会发生地震,33437082,娱乐至死,神TM父爱无声哈哈哈哈哈
奈奈丸的蘑菇云,4911009,,岁月从不败美人，但肥胖会。哈哈哈哈哈哈
gnoT-Tong,50142236,,树梢姐姐当他说出父爱无声的时候你应该给他一巴掌说：父爱如扇[doge][doge][doge]
稳中有浪,11722323,春风CL-X700等着我！,唉 曾经的我跟曾经的母上一样
SperEgg,37991217,,下一期“锦州煎一切”，下下期“锦州煮一切”[doge]
路过只小蜻蜓,250936358,,烀饼可以有
柠檬味复读基,12306936,prprpr,一直有个疑问，杨姐为什么不把头发放下来，放下来超好看啊！
桃子牛奶冰沙,35406731,落叶飘在湖面上睡着了。,妈呀看起来也太饿了
白筱笙大帅比,96443494,qq2285440379,维密？维吾尔族的秘密？
Demon胖星,19835394,,想在重庆吃到炸串 有同城小伙伴推荐吗
风雨凄迷,124762744,这个人一点也不懒，但他还是什么都没写。,锦州御烧烤确实不错
神奇大水哥,11473656,我们每日所度过的日常都可能是接连不断发生的奇迹！,父爱无声你是真的秀
初夏的落落,13719806,接受来接受去，接受开始接受结束,不知道为什么感觉这季的节目总是很快就感觉，少了点人情味道，一瞬间就看完了，但没什么记忆点，我只是说说，小怂包一个，勿喷
狗蛋饲养员,15931962,,强烈期待大肠刺身
小番茄pony,48083815,,我好像看到过这家店，在别的视频里，这家店应该很有名吧
九天-_-寒冰,26253473,专业白嫖，下次一定！,在？啥时候减肥
诚然boy,196450562,,听见了吗？父爱无声！
菊子大人,42593133,啊这,地址呢？？？？
dudu要天天开心,88529227,,视频做的越来做好了，特有趣，喜欢
lyyayaj,70927762,"""……""",那张图片出来，我震惊了，情不自禁一句卧槽
呵呵卫视旁白君,31619653,,工伤，绝对是工伤
南北不是南北,244177243,一个立志当美食up主的假vloger,我的妈 年轻mo沐上我可以
不爱睡觉の夏夏,131414670,,树梢的黑眼圈有点重，少熬夜注意身体昂
笨蛋不感冒,18438073,我还能说些什么呢？,他两好有夫妻相嘻嘻嘻
全网最乖小仙女,9165950,双马尾即正义。,父爱无声！
朝岚兮雨,43105137,巫山如旧花相似，雾起云落人不同,岁月真是猪饲料啊[微笑]
becca是喵喵,1658013,猫咪控，颜控,啊啊啊啊，我要吃炸串[喜欢]
君莫笑0123,112828265,,好饿
千夏樱梦,104176698,...ennnnnnnnnn,这件事告诉我们，胖子都是潜力股[2233娘_喝水]
古墓盘子,36635872,,来天津吧
Daylight13-,107873266,2022加油！,八中炸串也好吃
我今于民,19165837,,母上好有梗啊2333调虎离山和父爱无声
该用户已注测,18495460,,安徽亳州牛肉馍
今天的你要开心呀,23509856,,小哥有点帅啊
时间旅人的奇思妙想,24627420,最近裸辞去考公了,我服了结尾的父爱无声[捂脸]
EatonKang,28764244,,看了木上老照片，只想说，岁月是把猪饲料
莫去茶,19612961,,"还在锦州嘛？可以来锦州附近的阜新呀   
 这里有蒙古薄皮馅大的大馅饼，好喝的羊汤，驴肉饺子，QQ鸡架  麻辣拌  杂粮煎饼  还有温泉酒店
很期待你们来哦~"
小肥啾啾啾啾啾jou,327874803,沉迷美色。,哈哈哈哈哈哈哈 沐上神似钱枫啊[抠鼻]
今后非今,24364893,,岁月是把杀猪刀…
_梦想有只猫_,15434922,陶渊不灵 独立设计家的店主，欢迎加群：827328446,母上用自己亲身经历证明了一个成语：胖若两人，喵啊喵啊[2233娘_大笑]
晚风酿酒,14759138,不可不胜 不可贪胜,我现在买票去还来得及吗，就在隔壁市
梦寻千百家,5898169,暴富人生开启,鲜味冷面也可以！！！   还有就是必吃的烧烤了！！  其他还有大块烤肉 顺便一提锦州夜市也挺大的  虽然重复性比较高
虾饺加青,18707576,,一边吃油炸一边看
再无归人,50029124,,三小时
guapiu,8804852,不不不不,好可爱啊树梢！
听说改名会变欧的憨憨,38081819,啧啧啧啧啧啧,母上的远古视频AV11132398，真的还是帅[吃瓜][吃瓜][吃瓜][画风突变][画风突变][画风突变][画风突变][画风突变][画风突变]
我在做实验不美食,21673081,当你无助的时候，你只能相信你脑袋里的知识,我这吃一顿炸串花了50多[2233娘_无言]一个三百多斤的肥宅
布尔什维克亡魂,11597120,对于理想主义者，哪里都是坟墓,看成了绵阳人质继炒一切烤一切后又可以炸了。。。
zarah薛,82759661,永远对生活充满热情,我也有点饿[大哭]
bili_7174651,7174651,,最后沐上说也对然后说了什么？我没听清楚。。
prokenny,8087272,,曾经的沐上好瘦啊！
jyh890622xx,322315932,,居然来我大锦州了，提前说一下啊，请你们吃饭。
W_ouei,82527895,所爱隔山海 山海皆可平,父爱无声哈哈哈哈哈哈 幸好我听见了[嫌弃]
熊老师的假酒厂,7678769,十年稻米，吴邪爱好者，剧情至上党，小笔记吹爆,大佬是谁
深海鱼Cindy,33454348,细水长流,刚刚从非烤勿扰出来，怀疑人生，根本不知吃过了什么！然而吃了九十分钟，花了两百多四个人
躺在云朵上数羊,26482455,xl，z.,我来了！！！
wasderr,99760595,,沐上皮的一批[doge]
梦寻千百家,5898169,暴富人生开启,哇！！！！来锦州了   没有偶遇啊啊啊啊啊
赤豆源宵,19553030,人是会思想的蘑菇,我来找虐了…
溜溜三十六,1804221,,父爱无声哈哈哈哈哈哈
程洛落,39072931,,青岛的哪里？请告诉我！我错过了什么？
荷兰薯的胖胖,51825558,,蹲着厕所看这视频，突然控制不住咽了一下口水，卧槽。。。
岸边的白鹅,14424868,正在加载中…,手欠的我在夜里11点打开这视频，肚子打着鼓想着油炸平板…
拜托别向我问路,10277989,人总要学着长大,青岛胡同炸串真挺一般般的…特别淡就是果酱味，我还是比较喜欢辣椒和孜然吧…
桃桃甜栎_,20237961,,作为锦州人我都没吃过这家....害。我觉得最好吃的炸串是铁中对面小区里面靠近市场一个一楼的炸串，不知道黄没黄，但是是真好吃。
蓝醒醒,102111214,孤单,血书请求沐上减肥！！！！！
看开点吧-,15713180,笑对,锦州人打卡[doge]
小酥桃曦,104331691,也想像别人一样肆无忌惮的吃，不用管身材,妈呀好饿啊，现在家中停电，外面暴雨的，让人都不能有任何想法了，TnTTnT
宝贝过来一起看,278588161,,吃烤鳗鱼
谨谨杨,13238569,,岁月对沐上来说就是把猪饲料！
藏王灬sama,32091370,,我也想次，但我在减肥
wuli倩倩7,86961394,娇气包,回娘家的吗
三花-辰,19822013,喜欢性格好的孩子,我爱你们(ノДＴ)
风宝酱团子,2295257,爱笑的女孩运气不一定好，但法令纹一定很深,深夜放毒！！！
看到我请叫我去偷电瓶,403170699,,"重庆市长寿区川染泡椒鸡！
从小吃到大
强烈推荐！"
多多少少有点猫病,13178054,,不去扒蒜，这不是个好社员[滑稽]
小巷美食斗士,43189721,层楼误少年 自由乱余生,收好硬币 父爱无声
阿幕幕爱吃鱼,20611748,这人很牛逼 啥都没写,真的好帅啊！
北呀那个蘅,177972319,,"天生肠胃不好
吃油炸食品就会吐
就很悲哀"
一书一番,17924618,,弹幕里说的青岛哪家炸串啊 8月初要去青岛 想吃～
超爱丸子头や,29525233,衣服又瘦了,好饿啊，想回家了[大哭][大哭][大哭]
螺旋ん,293650,衔尾蛇,最后这个父爱无声太秀了。。[微笑]
天道酬勤__,128465321,还年轻吃苦趁现在,有那么一群人，他们默默的翻着评论区却不写下评语，把自己的故事藏在心里，一个人承受着喜怒哀乐。你好！路过的陌生人，我顶你个肺[doge]
愿逐月华流照叽,8193793,东方升起了太阳，世界便不再需要灯塔,一个海边，一个山城23333333333333
又是一只大聪明,79112389,,你就是游呢娃子？？？？
爱吃的紫紫,28823997,80后大妈一枚,[喜欢][喜欢][喜欢][喜欢]我可以
春山噤啊,19834352,你来时春山噤，去时青绿碎阶前,原来也是个帅哥，现在……
6dB的噪音,237754172,赶紧毕业吧,看到以前的沐上就感觉看见了钱枫[吃瓜]
考试期间_请叫我过儿,18908192,,父爱无声
爱叫啥叫啥吧就这样吧,43354127,名字我都懒得想还想让我写个性签名？,来沈阳吃鸡架啊！或者抚顺的麻辣拌！
biubiu柒捌,13047029,,我好饿，然后点开了这个视频
灰-猿,9808926,etc自动拉黑，勿杠,青岛的那家在哪呀
是阿朱吖,96804886,废物小号，别关注我。溜了溜了。,限你五分钟 送到我嘴巴里来[呆]
阿毛的香蕉君,51598986,尽人事，听天命,父爱无声？
种树的带土喵,32047074,"须知少时凌云志，曾许人间第一流
20级东北林业大学全日制会计专硕，推SNH48刘胜男 小树
",孙俪和邓超
6Zhao,36770958,有泪有笑才是青春,四斤烤肉
6Zhao,36770958,有泪有笑才是青春,凌海杏花村猪蹄
Yu玉羊,287973153,这个人很懒，什么都没留下。,沐上好帅啊
6Zhao,36770958,有泪有笑才是青春,辣炒蚶子
小叶子135,101424882,,在锦州上了四年学，不知道有这家店
焱焱晓,40119348,,天啊 母上太帅了吧 虽然现在胖了 成小可爱了
图图酱想要吃chesse,25626291,"live the life u love, love the life u live",你们来了！！？！
Lotus言卿,64691386,热爱生活的快乐猪,还有独一味烧烤！
d友缘人,273748707,,隔壁小孩都馋哭了
瞑明,1872018,,哭惹 长春咋没好吃的炸串啊[灵魂出窍]
战地7,7462537,我又是什么成分？,镜子里的我和镜头里的我哪个接近现实？
醉梦独酌,328284247,嘟嘟噜～,树梢的黑眼圈啊
_Fargo,9028931,这个人很神秘，什么都不想写,金针菇炸成这样，明天怕是见不了了
山后层楼,35166152,,沐上好像我大学室友，闯哥，哈哈
M簸未蟀l,7859425,（ ^ 00 ^ ）已婚已育大姐姐。用视频记录生活，做视频小白，不喜勿喷////,哇树梢姐你好瘦啊！你脸好小！哇你好高啊！你好美！[害羞]
老凤丘,81237278,,那个长的是啥
xs1xs1,5535461,,时间就是时间，美食是把猪饲料。[吃瓜]
一二小侠,38337288,他敢勾引我！,锦州渤海大学西门的抚顺小莲麻辣拌推荐推荐啊[惊喜][惊喜]
落花残梦,358833,,岁月是把杀猪刀   曾经的沐上是真的挺帅的，  为啥你们吃的炸串 烧烤都那么便宜   这边随便吃点都一两百
elisa鱼,1756916,我等你在前方回头，而我不回头,现在的沐上我也可以！
哈哈哈我是傻狗,83330888,嘤嘤嘤,经常吃这些咋不长痘啊[嫌弃]
一泡面,21456261,,有一家叫王师傅烧烤的店，巨好吃！尤其推荐他家的一大串，
其文蔚也-,215958047,没有理想的人不伤心，没有爱的人都睡不着。,不是大佬饿了吗
宝可梦梦梦梦,14099462,,沟帮子熏鸡
L三岁,2429260,真特么恶心，非要给屎做广告,成都文殊院门口的那家甜水面超级好吃！
一个平平凡凡的大橘猫,24506028,这个人太懒了，什,这大晚上，绝对故意的你们[嫌弃]
噗噗一只猪,18261627,,来吃杭州街好记炸串儿呀！！！！
酸奶吐司w,28185709,生活总要有光,啊啊啊明天下饭视频 留着看！！！！我要省着看
Merlinwwwwwwwwww,6515664,To do what I want. To be what I like. 美服彩笔,大半夜的，我枯了
我是神奇的包包,18848921,这个人不懒，也没写什么。,母上太秀了…
mossxx,16317199,,来葫芦岛吃啊
慢即是快少即是多,3316988,改变别人很难，改变自己却很简单。,沐上 生活对你下了多大的手
无辜的吃丸子群众,5025466,不用去在意网上的阴阳怪气，因为他们并不会对你的现实生活产生任何影响，而你如果生气上头，反而着了他们的道，要知道你自己的生活才是第一位。,母上年轻时有点像沙溢啊（白展堂）
被老薛领着的宝宝,282562607,,哪呢
鲲源梵野,322452656,,"大佬饿了，是大佬饿了！
大佬倒是出境啊！"
我已经是B站大会员了,70409585,,听说狗子能听见人听不见的声音
莫言肖,12884955,岁月已含恨而去，你怎么还不懂。,冷面里加一串水果味冰工厂更好吃哦[抠鼻]
飞喜飞喜,4187852,,求下北京有什么比较正宗的锦州烧烤／炸串店吗？看完这个已经想去当地吃了！！！然而好像这周末就赶紧去吃一波！！！
HoloLensoho,55498722,,天呐，岁月是把猪饲料
韦吉喵喵喵喵喵,34561619,裙下之臣,啊啊啊啊啊啊啊母上咋....岁月无情啊哈哈哈哈哈哈
西山町,82007217,,AV10813348母上(微胖)[呆]
宋肆声,40661088,forfour44,来了来了终于来了
被老薛领着的宝宝,282562607,,我找你去
灯鲤鲤鲤子,399304983,陌生人你好，这里蔚翼，圈子看收藏夹和追番叭,后排表示已经1小时了
#NAME?,20405125,,"帅的没有超出我意料嘻嘻。
第一次看就觉得沐上是盗月社里最帅的，很明显的帅啊，不是每个胖子瘦了都好看，但是沐上是那种，即使胖，也颜值明显超过平均值，一看瘦了就是男神的类型啊！！！"
硬盘会木哒木哒木哒,65205609,鸭类鸭类。,沐个以前是真他喵的帅
AAA刘姐武昌鱼批发,7862362,（休业中）,母上是不是去整容了？？？
北至北,16307127,,沐上不要再胖了！！n
00suo,88784643,不定期剪一些沙雕小视频儿，谢谢喜欢,父爱无声哈哈哈哈哈
心情不好就得吃肉,7949642,晨兮妈妈,哈哈哈哈哈父爱无声
啊胖叶,15943156,慢半拍,哈哈哈哈父爱无声
R你不是老司机,575632,,[微笑]明天坐车去锦州出差
间歇性踌躇满志持续性混吃等死,106231270,不和傻子说话,都有点不敢相信沐上原来那么帅，看了好几遍。时光是把猪饲料，一胖毁所有啊。我也想瘦下来看看我什么样[微笑]
瓦,573752,ARASHI蓝担，霹雳布袋戏本命叶小钗,好想吃[大哭]羡慕了
人帅嘴甜抹了蜜,35746836,与卿再世相逢日 玉树临风一少年,只要是油炸天天有人刷天妇罗 天妇罗   全世界裹炸都是天妇罗?  Mlgp
Amy路Ren,153334044,,不是，大佬饿了，怎么你们吃这么多2333333333333xswl
iiiiiiiiiizzz,97064887,,AV11132398大家夸我[害羞]
sonasu,2251762,,锦州除了烧烤，比较有名的好像还有炸鸡，烧鸡和包子，可以参考一下
orinally,11618760,,时间对沐上做了什么？？？
四平八稳girl,260936381,我不吃，我不喝，我就要学习！,来大连来大连，有海有串！！！
crapbag_,7022127,想做什么就做吧,哇，我也好想偶遇
爱吃糖的念念,34901070,,为啥关注了但是动态里不显示更新吖 我每次都得搜索盗月社才能出来 其他关注的都能在动态看到吖[微笑][微笑][微笑]
柯瑞Corel,50870112,这个人很懒，所以没有个性签名233,兄弟盟我去考古了av11541368，那个时候的母上确实很瘦。杨女士还不爱吃蒜[画风突变]
东北乌玛瑟曼,22879235,,在锦州不要忘了去吃烀饼啊啊啊啊啊啊啊啊啊啊！！！
可怕的大理想,18122671,             ,今天买了去北京的票！明天我要吃大爷的灌肠，玫瑰红羊排，墙皮哥和门丁肉饼！[吃瓜]一个六线城市的孩子要去北京啦！开心！[微笑]
只是想当文星伊的狗,21718539,带着你飞奔找永恒,营口市烧烤老大哥金刚山！！特色酱料真的一绝！！还有二高鸡排，各种咸货！！！
仙人板板jy,47232982,,疯狂截图曾经的母上，是帅的！！！
默绿地野,13113822,人生这场修行,弹幕的 调猪离山 笑死我了
大豆子真逗,75889165,何以解忧，唯有暴富,裹上面包糠，隔壁小孩儿都馋哭了。[吃瓜]
芝士奶盖芋泥啵啵,260143054,,好一个父爱无声！！！啊哈哈哈哈哈哈哈我喜欢
ID客官,11561990,人不中二枉少年,B站吃播越来越奢侈只有盗月社经费不足[画风突变]
呱唧旭南,27687125,世界旁观者之一，可能后续会有些小东西上传。很神奇的事情不是吗？,我滴老家
只是想当文星伊的狗,21718539,带着你飞奔找永恒,营口金刚山欢迎盗月社的到来！
乐师乔,14698466,岁月如歌 了无牵挂,我作证！田府聚源那个大叔说母上可帅一小伙子！[大笑]
大葡萄呢,236098152,,八分钟涨一万播放量啊[点赞][点赞][点赞]
biubiudddmum,130894649,biubiubiu,一小时之前
请你好起来,90582490,,青岛的是什么？
大丶妹丶子,1504035,  啾啾啾～,嗯哼（￣￣）
霖小贤,1294618,,吃烧烤 来丹东 啊不来丹东吃煎锅那能行[滑稽]
筱筱夏芯,28569645,"画画是生活的调料～
lof：滴滴静静",今天我好前
爱吃糖的昕昕,3847290,咸鱼…,东北串串真的好吃
蔚祥心水,27984757,,土豆豆皮好吃，还有小时候的味道炸鸡柳
#NAME?,22662736,不笑运气差，一笑脸就大。,沐上被岁月科学养※
暮画流光,23230880,刑侦推理迷，日常非酋还沉迷算命的号,"我不管了，我膨胀了~
大声宣布~
500斤的大佬是我的~
[惊喜][doge]"
蔚祥心水,27984757,,希望回去西狼记不会涨价[大哭]
沛沛沛哥,14438134,路人一枚,东北的吃的怎么这么便宜啊？？
Minamoto__,328326841,,评论看到一个说三点凌晨的？？？我穿越他穿越？
梁先忧,30611631,嘴笨,推荐来辽宁省本溪市吃烤豆腐皮，真的超级好吃，路边任何一家都很好吃，最好吃的是一家在群里小学门口的小摊，出摊时间不太固定，真的希望来呀。
瑶瑶一直在努力,394641255,,两个人出场感觉更加亲切
不CHI芹菜,125411683,撸起袖子加油干,调母上离山[呆][呆][呆]
阿肥咬花,11985086,,看标题以为吃头皮了[微笑]
一只笔掉了,27519040,,岁月是把猪饲料阿～，喂肥了沐上
解除冬眠的小污w,398807548,地府真的存在吗。,你们是不是吃了炸虫子！像虫子！！什么东西啊？
boogeyman2018,319202163,,啥时候也去趟锦州，记得辽阳的烤肉就超好吃！
恰柠檬树_,77554568,,我去泡面[大哭][大哭]
杂修咩,228368,喵（\' _ \'）,沐上好帅我可以[滑稽]
老板来三份早点,374290835,,父爱无声哈哈哈哈哈哈哈
SlaYing,1280388,,父爱无声啊[蛆音娘_OK]
枫叶No-1,38026540,,嗯，父爱无声
璃葚钾,3894059,每天都很懒，每天都很丧，视频不会剪，暂时家里蹲。。。,渤大西门小吃一条街（不晓得现在咋样了）
1995机动队,20010979,我想不出什么个性签名,01:20 有惊喜，快去看
幻想破裂,172865477,理想已死，为求心安。,美团美团美团美团
这是洋葱,11361152,庆祝鬼子投降77周年纪念，蘑菇弹下无冤魂。,酱板鸭
最强酱油,406101,。。。,帅的一笔
远观宏大,17365699,,忽然想起小学门口卖的炸鸡排，也没多少肉，就是嗦骨头酱汁。但现在就是找不到了
dingdong345,21213082,,想知道沐上有没有去报工伤[捂脸][捂脸]
清雨无痕,39259017,,父爱无声笑到我了[滑稽]
msssrrdd,94005192,我就是那只鸽子,哇更新了，好棒！
徐闻泉,11996711,狗屎,2分20秒bgm求问是什么，好耳熟又想不起来
索尔兹伯里爵士,285438610,,去考古盗月社的远古视频发现母上真的胖了太多太多哈哈哈哈哈哈哈哈哈哈哈
肉到没酒窝,24189297,鸡蛋不要壳,最后的彩蛋有知道的吗？
Yukiyuiyou,12374520,,这一定是*工伤
哈葵,4716436,骰否,[大哭][大哭]为啥晚上打
沐瓜星灵,278011731,,今天第一天开始运动节食减肥就看到了炸串。。
没有陈词的滥调,101164241,,每次忘了投币，都返回来再看一遍投币
妮是我的妮,384214996,,我想吃！！！！！！！
冬菇boomm,34952018,  嘿嘿嘿.,啊啊啊啊啊啊啊啊啊啊来啦
苌青和小鹿,50224903,已婚人士,你俩真是奇了，看你俩吃啥都香
斑马纹的长颈鹿,98654711,,沐上现在的身材是工伤？
老掉了,8545358,我很懒，啥也不想写,熏鸡架，用糖烟熏出来的鸡架，很好吃
苌青和小鹿,50224903,已婚人士,啥也不说了，三连敬上
老夫也有少女心儿,30826499,,哈哈哈哈，大型翻车现场
狼傲雪,76748698,,好前
天之扉,288180294,他人即地狱,现在被有些睿智搞得看见天妇罗三个字都想吐。。。。天天看见炸串就是天妇罗，，，还中式天妇罗。，，wdnmd[微笑]
账号已注销,433306910,,四十七分钟前！！
西斯s,132392551,,看到沐上曾经的照片，总有种媳妇熬成婆的感觉
晔热爱生活,96000994,一个人的舞蹈，因为男神还未长大,QQ鸡架，羊东家的羊排，秦三驴的驴肉饺子，推荐推荐
707,88518252,,辽宁本溪豆腐皮
czop,11910797,,锦州麻辣拌啊
极个别同学,1398995,,这家店在哪呀？有没有知道的老乡告诉下。20年土著表示没见过[捂脸]
约翰得肉,27727977,,来青岛吧
风前舞NO1,387815581,,锦州夜市的炸冷面卷臭豆腐没吃嘛～～大叔还会给放辣白菜的，一定要去尝尝呀～
707,88518252,,本溪小市羊汤
吃麻辣兔头,13922875,互相拉黑可以避免大部分不同立场的的无意义争吵,曾经的沐上！我可以！！！
红豆お,39778574,福如东海 寿比南山,突然觉得树梢跟豆奶子好像啊[吃瓜]
malee57,14806254,希望快乐永远记得我～,一直觉得东北菜和博山菜没有火遍全国，太没道理了[奸笑]
一锅老豆腐,8931303,啥啥都会一点的菜狗。,七分十九秒的小朋友太可爱了！！[大笑]
DJ的胖胖,396526396,,之前沐上太帅了吧！
墨安之,164204972,,哇才四十多分钟就这么多人这么多评论啊，你们真是住b站的，来来来告诉我你们都是几楼，我去敲门
青衫落笔记繁华,12924630,若世上再无他种声音，这天下自然歌舞升平。,你们美食区的up都商量好了同一天更新吗!想馋死我吗![大哭]
Markson的桃子,30260260,也许星星能够带走你的悲伤,锦州？
算了就叫巴萨卡,27177771,猪猪妹儿,"大佬饿了 X
母上树梢饿了 √"
改名还不是为了中奖,28466891,一切都源于喜欢,青岛是哪一家啊啊啊啊马上去玩了
表妹今晚别走了丶,280430735,这个人是条懒狗，什么都不想写,树梢儿真像我舅妈啊[惊讶]
wyjfq,105567007,,（￣￣）
啾酒啾九啾,20205243,,"时间为什么对沐上下手这么狠，哦，还有我。
以及我们这炸串辣的飞起[惊喜]"
荷包蛋能煎好嘛,60711783,,45分钟前
百香果去冰无糖,134742995,,好TM一个父爱无声，笑死爸爸了[呆][呆][呆][呆]
lcf710829,306938365,,来沈阳啊树梢，母上！！！
不能当条咸鱼吗,114517388,,今天是疲惫以及委屈的一天，21:05了，还没吃晚餐，盗月社更新了，刚好能抚慰一下我脆弱的小心灵。
喜欢吃蔬菜的哈士奇,70917934,,吃油炸杏鲍菇那里的bgm 我的童年啊 齐齐望过去小溪里 有公鸡想跳水
不叠衣服,12785597,不定时更新,母爱也无声
是哩哩哩呀,36803338,,父爱无声的梗，记住了
航航航航航,7600092,没签名,你们是我没删除b站的原因。
不很二,48667981,一个懒人,母上现在就不帅了嘛？[doge]
只想成王者的狐狸,256875659,压力山大，现在有实质性感悟了,我喜欢以前的沐上，现在的树梢，这样会不会挨揍[惊讶]
牛肉锤子丸,285345305,,我还没吃过这种单独的炸串[芮小凸小凹_哭]
喜欢吃的刘小菜,267227637,懂得善待自己的胃就不是孤独,爱炸串爱过烤串[画风突变][画风突变][抠鼻][抠鼻]
一只奏凯,20652492,"好想拥有粉丝哦，还能涮个火锅吃吃
(￣＾￣#)",？？？我刚来北京你们就去锦州了，
斯乃皮,20731671,心血来潮学pr,锦州排骨串啊！！！好吃到爆
小心吸你阳气,94535317,,木上的对比堪比我同事大姐生完孩子上班的样子 无法理解的胖
原也Yoha,36178639,啷个哩个啷啷～,神    父爱无声
Qiucou,283311803,,岁月对母上做了什么
深想空酒,26492436,,来啦！！
爱玩扫雷的呆毛,8211449,- ( b- b)つロ 乾杯~ - bilibili,父爱无声[惊喜]
用辣条迷惑你,161912745,,去过一次，我觉得不好吃[无语]
不很二,48667981,一个懒人,来一趟本溪吧，去小市喝羊汤去吧！看看本溪水洞老好看了
小眼睛的兆兆,251465218,记得要开心????,35分钟前
雨-_-,39425972,力口三由,这居然是我最早的一次[无语]
